profs_x;fab
HOTESSE D AIR;HOTESSE AIR
FEMME D ENTRETIEN (IMMEUBLE);FEMME ENTRETIEN IMMEUBLE $
CONSEILLER VENDEUR EN ELECTRICITE;VENDEUR ELECTRICITE $3
INFIRMIER ET FORMATEUR;INFIRMIER FORMATEUR
ACTEUR;ACTEUR
CHAUFFEUR ET CONVOYEUR;CHAUFFEUR CONVOYEUR
TECHNICIEN SPECIALISE MAINTENANCE MACHINE;TECHNICIEN MAINTENANCE MACHINE $
CHEF EQUIPE SECURITE;CHEF EQUIPE SECURITE
TECHNICIENNE EN SANITAIRE;TECHNICIEN SANITAIRE
JUGE D'INSTRUCTION 2ND GRADE;JUGE INSTRUCTION
SECRETAIRE D'AGENCE;SECRETAIRE AGENCE
CHAUFFEUR CHAUDIERE;CHAUFFEUR CHAUDIERE
RESPONSABLE D'UN MAGASIN;CHEF MAGASIN
GERANT D' IMMEUBLE;GERANT IMMEUBLE
PROFESSEUR FONCTIONNAIRE;PROFESSEUR FP
GARDE D ENFANTS AU DOMICILE;GARDIEN ENFANCE DOMICILE $
VERNISSEUR SUR MEUBLES;VERNISSEUR MEUBLES
RESPONSABLE QUALITE PRODUCTION;RESPONSABLE QUALITE PRODUCTION
ING AUTOMATISME;INGENIEUR AUTOMATISME
INFIRMIERE RESPONSABLE DE SITE (NON CADRE);INFIRMIER CADRE
FONCTIONNAIRE MINISTERE DE L INTERIEUR;FP
SECRETAIRE REDACTEUR A LA BANQUE DE FRANCE;SECRETAIRE REDACTEUR BANQUE
COMMERCIAL EN MACHINE AGRICOLE;REPRESENTANT MACHINE AGRICOLE $
ASSISTANTE DE VIE COEF 3;ASSISTANT VIE
COMMERCIAL VOITURES;REPRESENTANT AUTOMOBILE
AUXILIAIRE DE PUERICULTURE 3014 9 03 9 99;AUXILIAIRE PUERICULT
AGENT DE MAITRISE PRINCIPAL CHEF D EXPLOITATION;AM EXPLOITATION
MONTEUR EN MAGASIN;MONTEUR MAGASIN
TECHNICIENNE DE LABORATOIRE CNRS;TECHNICIEN LABORATOIRE CNRS $
MECANICIEN OUTILLEUR;MECANICIEN OUTIL
AGENT DE MAITRISE II COMPTABLE;AM COMPTABLE
CONTROLEUR SNCF;CONTROLE SNCF
RESPONSABLE DE MAGASIN DE VENTE;RESPONSABLE MAGASIN VENTE
CONSEILLERE EN AGENCE DE VOYAGES;CONSEILLER AGENCE VOYAGE $
EMPLOYE DE COMMERCE (VENTE);APPRENTI VENDEUR
NOURRICE AGREEE (ASSISTANTE MATERNELLE);ASSISTANT MATERNEL
AGENT TECHNIQUE 1 ERE CLASSE 6 EME ECHELON;AGENT TECHNIQUE CL1
TECHNICIENNE ACHAT;TECHNICIEN ACHAT
AGENT DE LA FONCTION PUBLIQUE (IMPOTS);FP IMPOTS
TECHNICIEN EN MAINTENANCE AERONAUTIQUE;TECHNICIEN MAINTENANCE AERONAUTIQUE $
DIRECTRICE COLLEGE;DIRECTEUR COLLEGE
PROFESSEUR DES ECOLES (EN PRIMAIRE) EN ELEMENTAIRE;ENSEIGNANT PRIMAIRE
CHEF DE SERVICE PRODUCTION RESPONSABLE DE DIVISION;CHEF SERVICE PRODUCTION
CONSEILLER VENTE ACCEUIL;VENDEUR ACCUEIL
ADJOINT RESPONSABLE;RESPONSABLE
ASSISTANT PUBLICITE;ASSISTANT PUBLICITE
CHEF AGENCE BANCAIRE;CHEF AGENCE BANQUE $
AGENT SPECIALISE ECOLE MATERNEL ASEM;ASEM
STAGIAIRE EN ASSISTANCE SOCIALE;STAGIAIRE ASSISTANT SOCIAL $
CUISINIER / PIZZAIOLO;CUISINIER PIZZAIOLO
OUVRIER PROF QUALIFIE EN CUISINE;OQ CUISINE
MAJOR DE POLICE 2 EME ECHELON;MAJOR POLICE
SERRURIER OPQ GRADE;SERRURIER OQ
GENDARMERIE SOUS-OFFICIER;GENDARME SOUS OFFICIER
REMPLACANTE AMP ( AIDE MEDICO PSYCHOLOGIQUE );AMP AIDE MEDICO PSYCHO $
COMMERCANT BAR TABAC;COMMERCANT CAFE TABAC
ASSISTANTE SERVICE DES ACHATS;ASSISTANT SERVICE ACHAT
PHARMACIEN CONSEIL;PHARMACIEN CONSEIL
EMPLOYE MINISTERE DEFENSE;EMPLOYE FP
CONTROLEUR PRINCIPAL DE FINANCES PUBLIQUES;CONTROLEUR PRINCIPAL FINANCES PUBLIQUES
AGENT TECHNIQUE SECURITE SOCIALE;AGENT TECHNIQUE SECURITE SOCIALE
DIR GENERAL ADJOINT;DIRECTEUR GENERAL ADJOINT
GERANT ET DIRECTEUR;GERANT DIRECTEUR
CAPORAL/CHEF DE SAPEUR POMPIER;CAPORAL CHEF SAPEUR POMPIER $
AAP 1 E CL;AAP CL1
MEDECIN 3EME ECHELON;MEDECIN
OUVRIERE ET AGENT D ENTRETIEN;OUVRIER AGENT ENTRETIEN
TECHNICIEN ELECTRONIQUE EN BUREAU D ETUDE;TECHNICIEN ELECTRON BE
CHEF RESPONSABLE DE PRODUCTION;CHEF PRODUCTION
ASSISTANT CHEF D ESCALE;CHEF ESCALE
CHEF DE SERVICE D'EXPLOITATION;CHEF SERVICE EXPLOITATION
TELEPROSPECTEUR;TELEPROSPECTEUR
COMMERCIALE II 2;REPRESENTANT
ENSEIGNANTE PROF ECOLES;PROFESSEUR ECOLE
DIRECTEUR RECHERCHE ET DEVELOPPEMENTS;DIRECTEUR RECHERCHE DEVELOPPEMEN
GARDER UN ENFANT;GARDIEN ENFANCE
INFIRMIER TITULAIRE CLASSE NORMALE;INFIRMIER TITULAIRE CLNORM
CHAUDRONNIER TRACEUR;CHAUDRONNIER TRACEUR
COMPTABLE ET SECRETAIRE;COMPTABLE SECRETAIRE
TECHNICIEN BE MECANIQUE;TECHNICIEN BE MECANIQUE
AGENT DU SERVICE HOSPITALIER (ASH);ASH
ARCHITECTE INFOGRAPHISTE;ARCHITECTE INFOGRAPHISTE
GENDARME MOBILE SERGENT;GARDE REPUBLICAIN SERGENT $
EMPLOIE COMPTABLE;EMPLOYE PAYE $3
CHAUFFEUR D ENGIN DE TRAVAUX PUBLIC;CHAUFFEUR ENGIN TRAVAUX PUBLICS $
OUVRIER EN ENTRETIEN D ESPACES VERTS;OUVRIER ENTRETIEN AUX ESPACES VERTS $
INFIRMIERE REANIMATION;INFIRMIER REANIMATION
SALARIE AGRICOLE MARAICHER;EMPLOYE MARAICHER
REPRESENTANT DE LIVRE;REPRESENTANT LIVRES
FORMIER;FORMISTE
EMPLOYE DE BIBLIOTHEQUE;EMPLOYE PRINCIPAL BIBLIOTHEQUE
EMPLOYE DE SERVICE FUNERAIRE;EMPLOYE SERVICE FUNEBRE
CHEF D'EQUIPE T.P.;CHEF EQUIPE TP
ENSEIGNANTE (PHYSIQUE - CHIMIE);PROFESSEUR PHYCHIMIE
TECHNICIEN AFFRETEUR;TECHNICIEN AFFRETEUR
INSTITUTEUR 11 EME ECHELON CATEGORIE B;INSTITUTEUR B
PSYCHOLOGUE CLASSE NORMALE GRADE 6012 8 EME ECHELON INDICE BRUT 634 MAJORE 531;PSYCHOLOGUE CLASSE NORMALE
ADJOINTE A LA RESPONSABLE DE SECTEUR;CHEF SECTEUR
CHEF D AGENCE DE TRAVAIL TEMPORAIRE;CHEF AGENCE TRAVAIL $
DIRECTRICE EN;DIRECTEUR
MEDECIN GENERALISTE LIBERAL;MEDECIN GENERALISTE LIBERAL $
INFIRMIERE DIPLOME D ETAT (IDE);INFIRMIER
ASSISTANT CHEF DE PROJET 3G;CHEF PROJET
OUVRIER QUALIFIE (BATIMENT);OQ BATIMENT
AGENT DE LA FONCTION PUBLIQUE PROFESSEUR;FP PROFESSEUR
ADJOINTE ADMINIST. PRINC. 1 ERE CLASSE;AAP CL1
RESP ADMINISTRATION DU PERSONNEL;RESPONSABLE ADMINISTRATION PERSONNEL
ENSEIGNANTE ECHELON 3;PROFESSEUR
CHEF DE MACONNERIE;CHEF MACON
AGENT D IMPOTS;AGENT IMPOTS
AGENT D ENTRETIEN ECHELON 8 INDICE 3;AGENT ENTRETIEN
CONSEILLERE EN GESTION ET PATRIMOINE;CONSEILLER GESTION PATRIMOINE $
REPASSEUR EN CONFECTION;REPASSEUR CONFECTION
ADJOINT ADMINISTRATIF PRINC 2 EME CLASSE;AAP CL2
MDL/C GENDARME;MDL GENDARME
FONCTION PUBLIQUE D ETAT APN2;FP APN2
ENSEIGNANT FONCTIONNAIRE PROFESSEUR CERTIFIE;AGREGE PROFESSEUR FP $
VENDEUR (MARCHE);APPRENTI VENDEUR
TECHNICIEN ATELIER QUALIFIE;AGENT PROFESSIONNEL QUALIFIE
CADRE INFIRMIER DE;CADRE INFIRMIER
INGENIEUR TECHNICO - COMMERCIAL;INGENIEUR AFFAIRES
PROFESSEUR D EPS BIADMISSIBLE 8EME ECHELON;AGREGE PROFESSEUR EPS
PROFESSEUR D EPS STAGIAIRE;PROFESSEUR EPS
MANOEUVRE DE TRAVAUX PUBLICS;MANOEUVRE TP
PEINTURE ET PLAQUISTE;PEINTRE PLAQUISTE
INFIRMIERE CLASSE SUPERIEURE ECHELON 03;INFIRMIER CLASSE SUPERIEURE
ASSISTANT EN RH;ASSISTANT RELATION HUMAINE
AGENT DANS LES ECOLE;AGENT ECOLE
SECRETAIRE STANDARDISTE;SECRETAIRE STANDARDISTE
ADJOINT ADMINISTRATIF PRINCIPAL DU MINISTERE DE L'INTERIEUR;AAP FP
POMPIER SAPEUR;POMPIER
PROFESSEUR CERTIFIE HC 7 E ECHELON;AGREGE PROFESSEUR
OUVRIER D ETAT HORS GROUPE;OUVRIER ETAT
AGENT ADMINISTRATION PRINCIPAL DE 1 ERE CLASSE 7 EME ECHELON;AAP CL1
VITICULTEUR (VIGNE);CULTIVATEUR VITICULTEUR
ENSEIGNANTE PROF DES ECOLES ET DIRECTRICE;PROFESSEUR ECOLE DIRECTEUR
SECRETAIRE DANS UNE BANQUE;SECRETAIRE BANQUE
ATTACHE PRINCIPAL INSEE;ATTACHE INSEE
ADJOINT TECHNIQUE TERRITORIALE ECHELON 4;ADJOINT TECHNIQUE COLLECTIVITE TERRITORIALE
CHEF REGIONAL;RESPONSABLE REGIONAL
AGENT DE LA FONCTION PUBLIQUE ECHELON 7 INDICE BRUT 337 MAJORE 319;FP
AGENT DE MAITRISE AGENT TERRITORIAL;AM EMPLOYE COLLECTIVITE TERRITORIALE
AGENT PRINCIPAL ADMINISTRATION IMPOTS;AAP IMPOTS
AGENT D'EXPLOITATION (SECURITE);AGENT EXPLOITATION SECURITE
AGENT QUALIFIE FABRICATION REGLEUR;OUVRIER REGLEUR
POMPIER PROFESSIONNELS;FP POMPIER
PROFESSEUR FONCTION PUBLIQUE GRADE CERTIFIEE;AGREGE PROFESSEUR FP $
TECHNICIEN D'ETUDE;AGENT TECHNIQUE BUREAU ETUDES
CHEF DE LABORATOIRE CONTROLE;CHEF LABORATOIRE CONTROLE
AGENT HOSPITALIER EN CHIRURGIE;ASH CHIRURGIE
AGENT TERRITORIAL (REDACTEUR);AGENT COLLECTERR REDACTEUR $
MECANICIEN CHAUFFEUR PL;MECANICIEN CHAUFFEUR PL $
PROF DE MUSIQUE (GUITARE);PROF PIANO
TECHNICIEN SUPERIEURE QUALITE;TECHNICIEN QUALITE
GESTIONNAIRE DE CONTRAT D ASSURANCES;GESTION CONTRAT ASSURANCE $
MARCHAND DE FLEURS;COMMERCANT FLEURS
INGENIEUR TECHNICO COMMERCIAM;INGENIEUR AFFAIRES
ENSEIGNANTE PROFESSEUR DU SECONDAIRE;PROFESSEUR SECONDAIRE
OUVRIER DE PRODUCTION AGENT DE PRODUCTION;OUVRIER CHAINE
NOUNOU GARDE D'ENFANT;NOUNOU GARDE ENFANT
ASSISTANTE AU RESPONSABLE TECHNIQUE;RESPONSABLE TECHNIQUE
CHAFFEUR ROUTIER;CHAUFFEUR ROUTIER
PEITRE BATIMENT;PEINTRE BATIMENT
DELEGUE SYNDICAL;DELEGUE SYNDICAL
VENDEUR D ELECTROMENAGER;VENDEUR ELECTROMENAGER
REDACTEUR FONCTION PUBLIQUE MAIRIE;REDACTEUR FP COLLECTERR $
POSTIER APN1;PTT APN1
AGENT MANUTENTION;AGENT MANUTENTION
CONDUCTEUR DE LIGNE DE PRODUCTION AGROALIMENTAIRE;CONDUCTEUR LIGNE PRODUCTION IAA
ENSEIGNANTE PROF D ESPAGNOL;PROFESSEUR LANGUES
AGENT DE FONCTION PUBLIQUE D ETAT;FP
MNS;MAITRE NAGEUR
CHEF DU SERVICE SECURITE;CHEF SERVICE SECURITE
INFIRMIERE SERVICE SANTE;INFIRMIER SANTE
ASSISTANT RESPONSABLE DE SERVICE CLIENTELE;CHEF SERVICE CLIENTELE
RESPONSABLE D EQUIPE MACONNERIE;CHEF EQUIPE MACON
CHEF DU SERVICE SOCIAL;CHEF SERVICE SOCIAL $3
AGENT DE MAITRISE RESPONSABLE D EXPLOITATION;AM EXPLOITATION
ADJOINT AU RESPONSABLE DE PROJETS;CHEF PROJET
VERIFICATEURS;VERIFICATEUR
AGENT DE CANTINE;AGENT CANTINE
ADJOINT TECHNIQUE 2E CLASSE ECHELON 5;ADJOINT TECHNIQUE CL2
EMPLOYE AU SERVICE DES ESPACES VERTS;EMPLOYE JARDIN
PROFESSEUR 3 EME ECHELON AECE;PROFESSEUR AECE
PREPARATEUR EN PHARMACIE.;PREPARATEUR PHARMACIE
BRIGADIER DE POLICE 2 EME ECHELON;BRIGADIER POLICE
SECRETAIRE (BATIMENT);SECRETAIRE BATIMENT
ENSEIGNANTE CERTIFIEE FONCTION PUBLIQUE D ETAT;AGREGE PROFESSEUR FP $
AGENT DE GUICHET II 3;AGENT GUICHET
REDACTEUR CHEF COLLECTIVITE TERRITORIALE;REDACTEUR CHEF TERRITORIAL $
TECHNICIEN EN TP;TECHNICIEN TP
RESPONSABLE D'UN SECRETARIAT;CHEF SECRETARIAT
PROFESSEUR CERTIFIE DE LA FONCTION PUBLIQUE D'ETAT;AGREGE PROFESSEUR FP $
EMPLOI COLLECTIVITE;EMPLOYE COLLECTIVITE
AGENT FONCTIONNAIRE TERRITORIAL;FP COLLECTERR
ADJOINT TECHNIQUE 2 SECONDE CLASSE;ADJOINT TECHNIQUE CL2
AIDE FAMILIAL EN AGRICULTURE;AIDE FAMILIAL AGRICOLE $
INFIRMIERE ECHELON 4 TITULAIRE;INFIRMIER TITULAIRE
ENSEIGNANTE AGREGE DE LETTRES MODERNES;AGREGE PROFESSEUR LETTRES $
