input;fab
$Z $W;$W
$Z $A;$A
$Z $B;$B
$Z $C;$C
$Z $D;$D
A A P;AAP
A C A P;ACAP
A C A;ACA
ACC 11;ACC11
A C C 11;ACC11
ACC 12;ACC12
A C C 12;ACC12
ACP 2;ACP2
A C P 2;ACP2
A C S;ACS
A C 3;AC3
A C;AC
A E N K;AENK
A E S;AES
AEX DA;AEXDA
A E X D A;AEXDA
A E X SG;AEXSG
A E X S G;AEXSG
A E X;AEX
A E C E;AECE
A F P A;AFPA
A G F;ASSURANCE
A J T;AJT
L A M;LAM
A M;AM
A N P E;ANPE
A N P 1;ANP1
A N P 2;ANP2
A P J;APJ
AP N1;APN1
APN 1;APN1
A P N 1;APN1
AP N2;APN2
APN 2;APN2
A P N 2;APN2
A P N A;APN
A P N;APN
A S I;ASI
A S H Q*;ASH
A S H;ASH
A S M;ASEM
A S;AS
A T B;ATB
A T E R;ATER
A T G I;ATG1
A T G 1;ATG1
A T G 2;ATG2
A T H Q;ATHQ
A T Q;ATQ
A T S E M;ATSEM
A D S E M;ATSEM
A T S M;ATSEM
A T 2;AGTTECHN
A E;AE
AX BSG;AUXILIAIRE PTT
AX BLG;AUXILIAIRE PTT
AX DIS;AUXILIAIRE PTT
B E;BE
B T P;BTP
C A T;CATRAV
C E A;CEA
C E G;COLLEGE
C E S;CES
P C E T;PROFSECTEC
C E T A;SECONDTECH
C E T;SECONDTECH
C H U;HOPITAL
C H S;HOPITAL
C F A;CFA
C N E S;CNES
C N R S;CNRS
C P E N;CPEN
C R S;CRS
D A O;DAO
D C A N;DCAN
D D A;DDA
D D E;DDE
D P L G;DPLG
I D E;INFIRMIER
INFIRMIER* D E;INFIRMIER
D R AS S;DASS
D R;DR
E D F;EDF
E N S;ENS
E P S;EPS
E T S;ETS
F P;FP
G D F;GDF
H L M;HLM
H P;HP
I G N;IGN
I M P;IMP
I N E D;INED
I N R A;INRA
I U F M;IUFM
L E P;SECONDTECH
L P;SECONDTECH
L S;LS
M A 1;MAITRAUX
M A 2;MAITRAUX
M A 3;MAITRAUX
M A;MAITRAUX
M O C N;MOCN
O A T;OAT
O AE;OEA
O E A;OEA
O E V P;OEVP
O H Q;OQ
O N F;ONF
O P Q;OQ
O P S;OQ
O P;OQ
H&;
O P HLM;HLM
O Q 1;OQ
O Q 2;OQ
O Q 3;OQ
O Q;OQ
O R L;ORL
O S;OS
P A O;PAO
P D G;PDG
P E G C;PEGC
PE GC;PEGC
P E G;PEG
PLP 1;PLP1
PL P1;PLP1
PL P 1;PLP1
P L P 1;PLP1
PLP 2;PLP2
P L P 2;PLP2
PL P 2;PLP2
PL P2;PLP2
P M I;PMI
P M U;PMU
P L;PL
P T T;PTT
P ET T;PTT
P V C;PVC
P 1*;OQ
P 2*;OQ
P 3*;OQ
P 4*;OQ
R A T P;RATP
S A S U;SASU
S A V;SAV
S N C F;SNCF
S T E;SOCIETE
S V T;SVT
T C;TC
T P E;TPE
T P;TP
T V;TV
U A P;ASSURANCE
V L;VL
V R P;REPRESENTANT
W L;WL
&;
ADSEM;ATSEM
ATSM;ATSEM
ANCIEN*;
ANNEXE*;
AU;
AUCUNE INDICATION* **;
AUCUN*;
AUCUNE AUTRE* INDICATION* **;
AUPRES;
AVEC;
AYANT;
BEP;
BIS;
CADRE PERMANENT*;
CATEGORIE SPECIAL*;
CDD;
CHELON;
CHEVRONNE;
CHEZ;
CLASSIFICA*;
CODE;
COMME;
CONNU*;
CONTRAT CES;CES
CONTRAT CONSOL*;
CONTRAT EMPLOI CONS*;
CONTRAT EMPLOI SOLID*;
CONTRAT I* EMP*;
CONTRAT RETOUR EMPLOI;
DAND;
DANS;
DE;
DEPENDANT*;
DES;
DIVERS*;
DUREE* LIMITE*;
DU;
DS;
EMPLOI* CONTRAT SOLID*;
EN;
ENVIRON;
ES;
EQUIVALEN*;
R ET D;RD
ET;
CLASSE* FONCTIONNEL*;
FONCTIONNEL*;
IDE;INFIRMIER
ID;INFIRMIER
IDEM;
IGNORE *;
INCONNU*;
INDETERMIN*;
INT;
LE;
LES;
LA POSTE;PTT
CADRE A LA;CADRE
LA;
MI TEMP*;
NEANT;
N S P;
NSP;
N A P* REPON*;
NE SAIT PAS;
NE CONNAI* PAS **;
NE CONNAI* PAS;
NE CORRESPON* PAS **;
NE CORRESPON* PAS;
NE POSSEDE P* **;
NE PRECISE PAS **;
NE PRECISE PAS;
NE SAIT PLUS;
NE SAIT RIEN;
NE SE SOUVIEN* PAS;
NE SE SOUVIEN* PLUS;
NE VEUT PAS *;
NON DIPLOME*;NONDIPLOME
NON SPECIAL*;NONSPECIAL
NON TITULA*;
NO;
NSP;
OBJEC* CONSC*;
OU;
PAR;
PAS AUTRE **;
PAS GRADE*;
PAS PRECIS*;
PAS REPONSE*;
PAS QUALIF*;NQ
PAS;
PENDANT;
POSTE FIXE;
POUR;
CADRE D UN*;CADRE
UN;
UNE;
UNIQUEMENT;
SAI;
SANS INDICATION*;
SANS AUCUNE INDIC*;
SANS AUCUNE PRECISION*;
SANS AUTRE INDIC*;
SANS AUTRE PRECISION*;
SANS AUTRE POSITION*;
SANS CONTRAT*;
SANS COEFFICI*;
SANS GRADE;
SANS NI;
SANS QUALIF*;NQ
SANS PROFESSION;
**( SANS;**(
SMIC;
SMIG;
STAG* AFPA;
STAG* ** AFPA;**
STAG* CES;
STAG* FORMATION;
STAG* REMUNERE;
STATUT;
SUR;
TRAVAILLE;
TRAFFIC;TRAFIC
TUC;
TEMPORAIRE;
TEMP* COMPLE*;
TEMP* PARTIEL*;
TER;
NI;
REEL;
REFUS* REPON*;
RIEN AUTRE;
RIEN EST PRECISE;
RIEN PRECISE;
RIEN;
A SON COMPTE;INDEPENDANT
CADRE STATUTAIRE;CATEG
01;1
02;2
II;2
DEUX;2
03;3
III;3
TROIS;3
04;4
IV;4
QUATRE;4
05;5
V;5
CINQ;5
06;6
VI;6
SIX;6
07;7
VII;7
SEPT;7
08;8
VIII;8
HUIT;8
09;9
IX;9
NEUF;9
1E;1ER
1ERE;1ER
1IER;1ER
1IERE;1ER
1RE;1ER
1 E;1ER
1 ER;1ER
1 ERE;1ER
1 IER;1ER
1 IERE;1ER
PREMIER;1ER
PREMIERE;1ER
IE;1ER
IER;1ER
IERE;1ER
I E;1ER
I ER;1ER
I ERE;1ER
2E;2EME
2EM;2EME
2EME;2EME
2IE;2EME
2IEM;2EME
2IEME;2EME
2M;2EME
2ME;2EME
2 E;2EME
2 EM;2EME
2 EME;2EME
2 IE;2EME
2 IEM;2EME
2 IEME;2EME
DEUXIEME;2EME
SECONDE;2EME
SECOND;2EME
3E;3EME
3EM;3EME
3EME;3EME
3IE;3EME
3IEM;3EME
3IEME;3EME
3M;3EME
3ME;3EME
3 E;3EME
3 EM;3EME
3 EME;3EME
3 IE;3EME
3 IEM;3EME
3 IEME;3EME
TROISIEME;3EME
4E;4EME
4EM;4EME
4EME;4EME
4IE;4EME
4IEM;4EME
4IEME;4EME
4M;4EME
4ME;4EME
4 E;4EME
4 EM;4EME
4 EME;4EME
4 IE;4EME
4 IEM;4EME
4 IEME;4EME
QUATRIEME;4EME
5E;5EME
5EM;5EME
5EME;5EME
5IE;5EME
5IEM;5EME
5IEME;5EME
5M;5EME
5ME;5EME
5 E;5EME
5 EM;5EME
5 EME;5EME
5 IE;5EME
5 IEM;5EME
5 IEME;5EME
CINQUIEME;5EME
6E;6EME
6EM;6EME
6EME;6EME
6IE;6EME
6IEM;6EME
6IEME;6EME
6M;6EME
6ME;6EME
6 E;6EME
6 EM;6EME
6 EME;6EME
6 IE;6EME
6 IEM;6EME
6 IEME;6EME
SIXIEME;6EME
7E;7EME
7EM;7EME
7EME;7EME
7IE;7EME
7IEM;7EME
7IEME;7EME
7M;7EME
7ME;7EME
7 E;7EME
7 EM;7EME
7 EME;7EME
7 IE;7EME
7 IEM;7EME
7 IEME;7EME
SEPTIEME;7EME
8E;8EME
8EM;8EME
8EME;8EME
8IE;8EME
8IEM;8EME
8IEME;8EME
8M;8EME
8ME;8EME
8 E;8EME
8 EM;8EME
8 EME;8EME
8 IE;8EME
8 IEM;8EME
8 IEME;8EME
HUITIEME;8EME
9E;9EME
9EM;9EME
9EME;9EME
9IE;9EME
9IEM;9EME
9IEME;9EME
9M;9EME
9ME;9EME
9 E;9EME
9 EM;9EME
9 EME;9EME
9 IE;9EME
9 IEM;9EME
9 IEME;9EME
NEUVIEME;9EME
10E;10EME
10EM;10EME
10EME;10EME
10IE;10EME
10IEM;10EME
10IEME;10EME
10M;10EME
10ME;10EME
10 E;10EME
10 EM;10EME
10 EME;10EME
10 IE;10EME
10 IEM;10EME
10 IEME;10EME
DIXIEME;10EME
11E;11EME
11EM;11EME
11EME;11EME
11IE;11EME
11IEM;11EME
11IEME;11EME
11M;11EME
11ME;11EME
11 E;11EME
11 EM;11EME
11 EME;11EME
11 IE;11EME
11 IEM;11EME
11 IEME;11EME
ONZIEME;11EME
12E;12EME
12EM;12EME
12EME;12EME
12IE;12EME
12IEM;12EME
12IEME;12EME
12M;12EME
12ME;12EME
12 E;12EME
12 EM;12EME
12 EME;12EME
12 IE;12EME
12 IEM;12EME
12 IEME;12EME
DOUZIEME;12EME
13E;13EME
13EM;13EME
13EME;13EME
13IE;13EME
13IEM;13EME
13IEME;13EME
13M;13EME
13ME;13EME
13 E;13EME
13 EM;13EME
13 EME;13EME
13 IE;13EME
13 IEM;13EME
13 IEME;13EME
TREIZIEME;13EME
CAREGORIE;CATEGORIE
CATA;$A
CATEGA;$A
CATEGORIEA;$A
CATB;$B
CATEGB;$B
CATEGORIEB;$B
CATC;$C
CATEGC;$C
CATEGORIEC;$C
CATD;$D
CATEGD;$D
CATEGORIED;$D
CA1;CATEGORIE1
CAT1*;CATEGORIE1
CATEG1*;CATEGORIE1
CA2;CATEGORIE2
CAT2*;CATEGORIE2
CATEG2*;CATEGORIE2
CA3;CATEGORIE3
CAT3*;CATEGORIE3
CATEG3*;CATEGORIE3
CA4;CATEGORIE4
CAT4*;CATEGORIE4
CATEG4*;CATEGORIE4
CA5;CATEGORIE5
CAT5*;CATEGORIE5
CATEG5*;CATEGORIE5
CA6;CATEGORIE6
CAT6*;CATEGORIE6
CATEG6*;CATEGORIE6
CA7;CATEGORIE7
CAT7*;CATEGORIE7
CATEG7*;CATEGORIE7
1CA;CATEGORIE1
1CAT*;CATEGORIE1
2CA;CATEGORIE2
2CAT*;CATEGORIE2
3CA;CATEGORIE3
3CAT*;CATEGORIE3
4CA;CATEGORIE4
4CAT*;CATEGORIE4
5CA;CATEGORIE5
5CAT*;CATEGORIE5
6CA;CATEGORIE6
6CAT*;CATEGORIE6
7CA;CATEGORIE7
7CAT*;CATEGORIE7
GRADEA;$A
GRADEB;$B
GRADEC;$C
GRADED;$D
GRAD1*;GRADE1
GRAD2*;GRADE2
GRAD3*;GRADE3
1GRAD*;GRADE1
2GRAD*;GRADE2
3GRAD*;GRADE3
GPE1*;G1
GRPE1*;G1
GROUPE1*;G1
GPE2*;G2
GRPE2*;G2
GROUPE2*;G2
GPE3*;G3
GRPE3*;G3
GROUPE3*;G3
GPE4*;G4
GRPE4*;G4
GROUPE4*;G4
GPE5*;G5
GRPE5*;G5
GROUPE5*;G5
GPE6*;G6
GRPE6*;G6
GROUPE6*;G6
1GPE;G1
1GRPE;G1
1GROUPE;G1
2GPE;G2
2GRPE;G2
2GROUPE;G2
3GPE;G3
3GRPE;G3
3GROUPE;G3
4GPE;G4
4GRPE;G4
4GROUPE;G4
5GPE;G5
5GRPE;G5
5GROUPE;G5
6GPE;G6
6GRPE;G6
6GROUPE;G6
CLA1*;CL1
CLAS1*;CL1
CLASSE1*;CL1
CLA2*;CL2
CLAS2*;CL2
CLASSE2*;CL2
CLA3*;CL3
CLAS3*;CL3
CLASSE3*;CL3
CLA4*;CL4
CLAS4*;CL4
CLASSE4*;CL4
1CL;CL1
1CLA*;CL1
2CL;CL2
2CLA*;CL2
3CL;CL3
3CLA*;CL3
4CL;CL4
4CLA*;CL4
ECHELLE1*;E1
ECHELLE2*;E2
ECHELLE3*;E3
ECHELLE4*;E4
ECHELLE5*;E5
1ECHELLE;E1
2ECHELLE;E2
3ECHELLE;E3
4ECHELLE;E4
5ECHELLE;E5
NIV1;N1
NIVEAU1;N1
NIV2;N2
NIVEAU2;N2
NIV3;N3
NIVEAU3;N3
NIV4;N4
NIVEAU4;N4
NIV5;N5
NIVEAU5;N5
1NIV*;N1
2NIV*;N2
3NIV*;N3
4NIV*;N4
5NIV*;N5
1DEGRE;DEGRE1
2DEGRE;DEGRE2
3DEGRE;DEGRE3
4DEGRE;DEGRE4
5DEGRE;DEGRE5
6DEGRE;DEGRE6
7DEGRE;DEGRE7
8DEGRE;DEGRE8
1ANNEE;ANNEE1
2ANNEE;ANNEE2
3ANNEE;ANNEE3
4ANNEE;ANNEE4
5ANNEE;ANNEE5
6ANNEE;ANNEE6
ECH0*;
ECHE0*;
ECHEL0*;
ECHELON0*;
ECH1*;
ECHE1*;
ECHEL1*;
ECHELON1*;
ECH2*;
ECHE2*;
ECHEL2*;
ECHELON2*;
ECH3*;
ECHE3*;
ECHEL3*;
ECHELON3*;
ECH4*;
ECHE4*;
ECHEL4*;
ECHELON4*;
ECH5*;
ECHE5*;
ECHEL5*;
ECHELON5*;
ECH6*;
ECHE6*;
ECHEL6*;
ECHELON6*;
ECH7*;
ECHE7*;
ECHEL7*;
ECHELON7*;
ECH8*;
ECHE8*;
ECHEL8*;
ECHELON8*;
ECH9*;
ECHE9*;
ECHEL9*;
ECHELON9*;
1ECH*;
2ECH*;
3ECH*;
4ECH*;
5ECH*;
6ECH*;
7ECH*;
8ECH*;
9ECH*;
10ECH*;
11ECH*;
12ECH*;
13ECH*;
10ECH*;
11ECH*;
12ECH*;
13ECH*;
COEF*;COEF
COEF 0*;
COEF 1*;
COEF 2*;
COEF 3*;
COEF 4*;
COEF 5*;
COEF 6*;
COEF 7*;
COEF 8*;
COEF 9*;
COEF;
IND0*;
INDI0*;
INDICE0*;
IND1*;
INDI1*;
INDICE1*;
IND2*;
INDI2*;
INDICE2*;
IND3*;
INDI3*;
INDICE3*;
IND4*;
INDI4*;
INDICE4*;
IND5*;
INDI5*;
INDICE5*;
IND6*;
INDI6*;
INDICE6*;
IND7*;
INDI7*;
INDICE7*;
IND8*;
INDI8*;
INDICE8*;
IND9*;
INDI9*;
INDICE9*;
GR* INDIC*;INDICE
IND* BRUT;INDICE
INDICE PENSION;INDICE
INDICE REEL;INDICE
INM;INDICE
IND* M;INDICE
IND* MAJ*;INDICE
IND* NET;INDICE
IND* NOUV* MAJ*;INDICE
NM;
MAJORE;
IND* 0*;
IND* 1*;
IND* 2*;
IND* 3*;
IND* 4*;
IND* 5*;
IND* 6*;
IND* 7*;
IND* 7*;
IND* 8*;
IND* 9*;
INDICE*;
CAT* A;$A
CIE A;$A
CAT* B;$B
CIE B;$B
CAT* C;$C
CIE C;$C
CAT* D;$D
CIE D;$D
1ER CA;CATEGORIE1
1ER CAT*;CATEGORIE1
2EME CA;CATEGORIE2
2EME CAT*;CATEGORIE2
3EME CA;CATEGORIE3
3EME CAT*;CATEGORIE3
4EME CA;CATEGORIE4
4EME CAT*;CATEGORIE4
5EME CA;CATEGORIE5
5EME CAT*;CATEGORIE5
6EME CA;CATEGORIE6
6EME CAT*;CATEGORIE6
7EME CA;CATEGORIE7
7EME CAT*;CATEGORIE7
CAT* INTERM*;
CAT* NORM*;
CAT* SUP*;
HORS CAT*;CATEGORIEH
HC;
GRAD* A;$A
GRAD* B;$B
GRAD* C;$C
GRAD* D;$D
GRAD* EX*;
GRAD* SUP*;
1ER GRAD*;GRADE1
2EME GRAD*;GRADE2
3EME GRAD*;GRADE3
CADRE A;$A
CADRE B;$B
CADRE C;$C
D ACHAT*;ACHAT
D ASSURANCE*;ASSURANCE
CADRE D EMPLOI*;CADRE EMPLOI
D ENTREPRISE;ENTREPRISE
CADRE D ENT*;CADRE ENTREPRISE
CADRE D EQUIPEMENT;CADRE EQUIPEMENT
CADRE D EXPLOIT*;CADRE EXPLOITATION
D INDUST*;INDUSTRIE
CADRE D INDUST*;CADRE INDUSTRIE
CADRE D;$D
CADRE 1;CATEGORIE1
CADRE 2;CATEGORIE2
CADRE 3;CATEGORIE3
CADRE 4;CATEGORIE4
CADRE 5;CATEGORIE5
CADRE 6;CATEGORIE6
CADRE 7;CATEGORIE7
G;GROUPE
GPE;GROUPE
GP;GROUPE
GRPE;GROUPE
GROUPE FONCTIONNEL*;
1ER GROUPE;G1
2EME GROUPE;G2
3EME GROUPE;G3
4EME GROUPE;G4
5EME GROUPE;G5
6EME GROUPE;G6
HORS GROUPE;
CL;CLASSE
CLA;CLASSE
CLAS;CLASSE
CLASS;CLASSE
CLASSIF*;CLASSE
CLASSE A;$A
CLASSE B;$B
CLASSE C;$C
CLASSE D;$D
1ER CLASSE*;CL1
2EME CLASSE*;CL2
3EME CLASSE*;CL3
4EME CLASSE*;CL4
HORS CLASSE;CLHORS
CLASSE EX*;CLASSEX
C NORM*;CLNORM
CLASSENO;CLNORM
CLASSE N;CLNORM
CLASSE NLE;CLNORM
CLASSE NORM*;CLNORM
CLASSE SIMPLE;CLNORM
CLASSE SUP*;CLASSSUP
HORS ECH* A;$A
HORS ECH* B;$A
HORS ECH* C;$A
HORS ECH*;$A
ECHELLE 1*;E1
E 1;E1
ECHELLE E1;E1
1 ECHELLE;E1
ECHELLE 2*;E2
E 2;E2
ECHELLE E2;E2
2 ECHELLE;E2
ECHELLE 3*;E3
E 3;E3
ECHELLE E3;E3
3 ECHELLE;E3
ECHELLE 4*;E4
E 4;E4
ECHELLE E4;E4
4 ECHELLE;E4
ECHELLE 5*;E5
E 5;E5
ECHELLE E5;E5
5 ECHELLE;E5
NIV* A;NIVEAUA
NIV* B;NIVEAUB
NIV* C;NIVEAUC
NIV* D;NIVEAUD
NIV* E;NIVEAUE
1ER NIV*;N1
2EME NIV*;N2
3EME NIV*;N3
4EME NIV*;N4
5EME NIV*;N5
**( A;$A **
$A $W;$W
$A $Z;$A
$A $*;$A
A;
**( B;$B **
$B $W;$W
$B $Z;$B
$B $*;$B
**( C;$C **
$C $W;$W
$C $Z;$C
$C $*;$C
C;
**( D;$D **
$D $W;$W
$D $Z;$D
$D $*;$D
D;
L;
1ER DEG*;DEGRE1
2EME DEG*;DEGRE2
3EME DEG*;DEGRE3
4EME DEG*;DEGRE4
5EME DEG*;DEGRE5
6EME DEG*;DEGRE6
7EME DEG*;DEGRE7
8EME DEG*;DEGRE8
1ER ANNE*;ANNEE1
2EME ANNE*;ANNEE2
3EME ANNE*;ANNEE3
4EME ANNE*;ANNEE4
5EME ANNE*;ANNEE5
6EME ANNE*;ANNEE6
CHELON;ECH
EC;ECH
EHELON;ECH
1ER ECH*;
2EME ECH*;
3EME ECH*;
4EME ECH*;
5EME ECH*;
6EME ECH*;
7EME ECH*;
8EME ECH*;
9EME ECH*;
10EME ECH*;
11EME ECH*;
12EME ECH*;
13EME ECH*;
ECH* 0*;
ECH* 1*;
ECH* 2*;
ECH* 3*;
ECH* 4*;
ECH* 5*;
ECH* 6*;
ECH* 7*;
ECH* 8*;
ECH* 9*;
ECH* SUP*;
0* ECH*;
1* ECH*;
2* ECH*;
3* ECH*;
4* ECH*;
5* ECH*;
6* ECH*;
7* ECH*;
8* ECH*;
9* ECH*;
CAT* 1;CATEGORIE1
CAT* 2;CATEGORIE2
CAT* 3;CATEGORIE3
CAT* 4;CATEGORIE4
CAT* 5;CATEGORIE5
CAT* 6;CATEGORIE6
CAT* 7;CATEGORIE7
1 CAT*;CATEGORIE1
2 CAT*;CATEGORIE2
3 CAT*;CATEGORIE3
4 CAT*;CATEGORIE4
5 CAT*;CATEGORIE5
6 CAT*;CATEGORIE6
7 CAT*;CATEGORIE7
1 GRAD*;GRADE1
2 GRAD*;GRADE2
3 GRAD*;GRADE3
GRAD* 1;GRADE1
GRAD* 2;GRADE2
GRAD* 3;GRADE3
1 GROUPE;G1
2 GROUPE;G2
3 GROUPE;G3
4 GROUPE;G4
5 GROUPE;G5
6 GROUPE;G6
GROUPE 1;G1
GROUPE 2;G2
GROUPE 3;G3
GROUPE 4;G4
GROUPE 5;G5
GROUPE 6;G6
GR;
1 CLASSE*;CL1
2 CLASSE*;CL2
4 CLASSE*;CL4
3 CLASSE*;CL3
CLASSE 1;CL1
CLASSE 2;CL2
CLASSE 3;CL3
CLASSE 4;CL4
1 NIV*;N1
2 NIV*;N2
3 NIV*;N3
4 NIV*;N4
5 NIV*;N5
N 1;N1
N 2;N2
N 3;N3
N 4;N4
N 5;N5
NIV* 1;N1
NIV* 2;N2
NIV* 3;N3
NIV* 4;N4
NIV* 5;N5
1 DEGRE;DEGRE1
2 DEGRE;DEGRE2
3 DEGRE;DEGRE3
4 DEGRE;DEGRE4
5 DEGRE;DEGRE5
6 DEGRE;DEGRE6
7 DEGRE;DEGRE7
8 DEGRE;DEGRE8
DEGRE 1;DEGRE1
DEGRE 2;DEGRE2
DEGRE 3;DEGRE3
DEGRE 4;DEGRE4
DEGRE 5;DEGRE5
DEGRE 6;DEGRE6
DEGRE 7;DEGRE7
DEGRE 8;DEGRE8
1 ANNEE;ANNEE1
2 ANNEE;ANNEE2
3 ANNEE;ANNEE3
4 ANNEE;ANNEE4
5 ANNEE;ANNEE5
6 ANNEE;ANNEE6
ANNEE 1;ANNEE1
ANNEE 2;ANNEE2
ANNEE 3;ANNEE3
ANNEE 4;ANNEE4
ANNEE 5;ANNEE5
ANNEE 6;ANNEE6
NR*;
0*;
1ER;PREMIER
1*;
2EME;SECOND
2*;
3*;
4*;
5*;
6*;
7*;
8*;
9*;
AVANT DERNIER ECH*;
DERNIER ECH*;
ECHELON;
ECHELLON;
ACCEUIL;ACCUEIL
ACCEUIL;ACCUEIL
ACEUIL;ACCUEIL
ACUEUIL;ACCUEIL
ACCUEUIL;ACCUEIL
ACHATS;ACHAT
ADJT;ADJOINT
ADJ;ADJOINT
ADJUDENT;ADJUDANT
ADJOINTE;ADJOINT
ADMINISTRATIF*;ADMINISTIF
ADMINISTRATIVE*;ADMINISTIF
ADMINISTRATION*;ADMINISTION
AERIUM;HOSPICE
AERODROME;AEROPORT
AEROGARE;AEROPORT
AEROPOSTAL*;PTT
AFFRETEMENT*;FRET
AGEE;AGE
AGENCEMENT*;AGENCEUR
AGENCES;AGENCE
AGENT TECHNIQUE;AGTTECHN
AGF;ASSURANCE
AGNEAU*;OVIN
ENSEIGNANT*;PROFESSEUR
ENSEIGNENT*;PROFESSEUR
PROFESSEUR*;PROFESSEUR
PROFFESSEUR*;PROFESSEUR
ELEVE* PROFESSEUR*;PROFESSEUR
DETACHE* SUPERIEUR;UNIVERSITE
ENSEIGNEM* SUPERIEUR;UNIVERSITE
PROFESSEUR ENSEIGNEMENT;PROFESSEUR
PROFESSEUR ** ENSEIGNEMENT;PROFESSEUR **
PROFESSEUR DETACHE*;PROFESSEUR
PROFESSEUR ** DETACHE*;PROFESSEUR **
PROFESSEUR STAGIAIRE*;PROFESSEUR
PROFESSEUR ** STAGIAIRE*;PROFESSEUR **
PROFESSEUR TITULAIRE;PROFESSEUR
PROFESSEUR ** TITULAIRE;PROFESSEUR **
PROFESSEUR PROF;PROFESSEUR
PROFESSEUR ** PROF;PROFESSEUR **
AGREGATION;AGREGE
AGREGE*;AGREGE
BI ADMISSIBLE;AGREGE
BIADMISSIBLE;AGREGE
CAPES;AGREGE
CAPET;AGREGE
AGREGE DEGRE*;AGREGE
AGREGE ED* NAT*;AGREGE
AGREGE ENSEIG*;AGREGE
AGREGE FORMAT*;AGREGE
AGRICULTEUR;CULTIVATEUR
AGRICULTRICE;CULTIVATEUR
AGRICULTURE;AGRICOLE
AGT;AGENT
AGEN;AGENT
AGANT;AGENT
AIRBUS A320;AVIATION
AIRBUS 320;AVIATION
AIRBUS;AVIATION
A320;AVIATION
ALIMENTAIRE*;ALIMENT
ALIMENTATION*;ALIMENT
ALLEMAND*;LANGUES
ALPE;ANPE
ALTISTE;MUSICIEN
ALUMINIUM;METAUX
AMEUBLEMENT;MEUBLE
AMUP;AMVP
ANDRE;CHAUSSURE
ANGLAIS*;LANGUES
ANIAMATEUR;ANIMATEUR
AOP1;OUVRIER
AOP;OUVRIER
APA;AAP
APPARITEUR*;HUISSIER
APPARITRICE;HUISSIER
APRENTI;APPRENTI
ARACHIDE*;OLEAGINEUX
ARME;ARMURIER
ARMEES;ARMEE
ARMES;ARMURIER
ARTS;ART
ASSEDIC;SECUSOC
ASSEMBL*;ASSEMBLEUR
ASSIST;ASSISTANT
ASSISTANTE;ASSISTANT
ASSISSTANT*;ASSISTANT
ASISTANT*;ASSISTANT
ASSISANT*;ASSISTANT
ASSSTANT*;ASSISTANT
ASSITANT*;ASSISTANT
AT;AGTTECHN
AT1;AGTTECHN
AT2;AGTTECHN
ATACHE*;ATTACHE
AUCHAN;SUPERMARCHE
AUDITRICE;AUDITEUR
AUDITEUR;AUDIT
AUTOMOBIL*;VL
AUTOS;VL
AUXIL*;AUXILIAIRE
AXIL*;AUXILIAIRE
AVICOLE*;AVICULTEUR
AVION*;AVIATION
AVOINE*;CEREALE
AXDIS;AUXILIAIRE PTT
AXBSG;AUXILIAIRE PTT
BABBY;BABY
SEATTING;SITTER
SEATING;SITTER
SITTEUR;SITTER
SITING;SITTING
SITTING;SITTER
BABYSITTER;BABY SITTER
BABYSITTING;BABY SITTER
BABYSITING;BABY SITTER
BARWOMAN;BARMAID
BALS;BAL
BAMBROCH*;BANCBROCHEUR
BANBROCH*;BANCBROCHEUR
BANCAIRE*;BANQUE
BANCROCHEU*;BANCBROCHEUR
BANCS;BANC
BANDES;BANDE
BANQUAIRE*;BANQUE
BAR;CAFE
BARS;CAFE
BASSISTE*;MUSICIEN
BATA;CHAUSSURE
BAT;BATIMENT
BECASSE*;GIBIER
BEP;SECONDTECH
BETAIL*;BESTIAUX
BETE*;BESTIAUX
BETONNEUR;BETONNIER
BICYCLETTE*;VELO
BIENS;BIEN
BILLE;BILLES
BIOLOGI*;BIOLOGI
BLE;CEREALE
BLES;CEREALE
BNP;BANQUE
BOBINNIER;BOBINIER
BOBINAGE*;BOBINEUR
BOBINIER*;BOBINEUR
BOEUF*;BOVIN
BORDS;BORD
BOUTIQUE;COMMERCE
BOUTIQUIER*;COMMERCANT
BREBIS;OVIN
BUREAUTIQUE*;INFORMATIQ
CADRES;CADRE
CAF;SECUSOC
CAFETARIA;CAFETERIA
CAILLE*;VOLAILLE
CAMION;PL
CAMIONS;PL
CANA;COOPERATIVE AGRICOLE
CANARD*;VOLAILLE
CANAUX;CANAL
CAP;SECONDTECH
CAPRIN*;OVIN
CAROSSIER;CARROSSIER
CARREFOUR;SUPERMARCHE
CARRISTE;CARISTE
CARS;CAR
CARTONNERIE;CARTON
CARTONS;CARTON
CEG;COLLEGE
CETA;SECONDTECH
CET;SECONDTECH
CERTIFICIE*;CERTIFIE
CERTFIE*;CERTIFIE
PROF CERTIFIE*;AGREGE PROFESSEUR
PROFESSEUR CERTIFIE*;AGREGE PROFESSEUR
PROFESSEUR ** CERTIFIE*;AGREGE PROFESSEUR **
CERTIFIE* PROFESSEUR;AGREGE PROFESSEUR
CERTIFIE* ** PROFESSEUR;AGREGE PROFESSEUR **
PROF* AGREGE;AGREGE PROFESSEUR
PROF* ** AGREGE;AGREGE PROFESSEUR **
PROFESSEUR ** AGREGE;AGREGE PROFESSEUR **
AGREGE* ** PROFESSEUR;AGREGE PROFESSEUR **
AGREGE* AGREGE;AGREGE
AGREGE* ** AGREGE;AGREGE **
AGREGE* CERTIF*;AGREGE
AGREGE* ** CERTIF*;AGREGE **
CFPA;AFPA
CHAIS;CHAI
CHAIX;CHAI
CHAISE*;MEUBLE
CHAISIER*;MENUISIER
CHAMPS;CHAMP
CHAPEAU*;CHAPELIER
CHARGEMENT;CHARGEUR
CHARS;CHAR
CHAUDS;CHAUD
CHUFFEUR;CHAUFEUR
CHUAFFEUR;CHAUFEUR
CHAFFEUR;CHAUFEUR
CAUFFEUR;CHAUFEUR
CHAUFFEU*;CHAUFEUR
CHAUSSAN*;CHAUSSURE
CHERCHEUSE;CHERCHEUR
CHEVAL;CHEVAUX
CHEMISE*;HABILLEMENT
CHEVRE*;OVIN
CHIENS;CHIEN
CHIMIQUE*;CHIMIE
CHIMISTE*;CHIMIE
CHOEUR*;CHORISTE
CHR;HOPITAL
CHRU;HOPITAL
CHS;HOPITAL
CHU;HOPITAL
CII;INFORMATIQ
CITES;CITE
CITROEN;CONSTRUCAUTO
CLARINETTE*;MUSIQUE
CLARINETTISTE;MUSICIEN
CLASSES;CLASSE
CLAVECIN*;MUSIQUE
CLAVECINISTE;MUSICIEN
CLEF*;CLE
CLES;CLE
CNAV;SECUSOC
CNAVTS;SECUSOC
COCHON*;PORCIN
COEXPLOITANT*;EXPLOITANT
COGERANT*;GERANT
$Z COIFFURE;$Z COIFFEUR
COLZA;OLEAGINEUX
COMMANDO*;ARMEE
COMMECANT;COMMERCANT
$Z COMMERCIAL*;$Z REPRESENTANT
COMMUNAL*;COLLECTERR
COMMUNAUX;COLLECTERR
COMMUNE;COLLECTERR
GRANDS COMPTES;GRAND COMPTE
COMPTES;COMPTE
COSEILLER;CONSEILLER
CONSEILER;CONSEILLER
CONSEILLER*;CONSEILLER
CONTREBASSISTE;MUSICIEN
CONTREDAME;AM
CONTREMAITRE*;AM
CONTRIBUTIONS;IMPOTS
CONTROLEU*;CONTROLE
COORDINAT*;COORDINATION
COORDINNAT*;COORDINATION
COORDONAT*;COORDINATION
COORDONNAT*;COORDINATION
COORDINATION STAGE;COORDINATION FORMATEUR
COPILOTE;PILOTE
COQ;VOLAILLE
COQS;VOLAILLE
COQUES;COQUE
COURS;COUR
COUTS;COUT
CPAM;SECUSOC
CRABE*;CRUSTACE
CRAM;SECUSOC
CREVETTE*;CRUSTACE
CROUS;EDUCSUP
CTDIV;$B CONTROLE
CYCLES;CYCLE
DACTYLOG*;DACTYLO
DACTYLOCODEU*;DACTYLOCODEU
DAMES;DAME
DANCE*;DANSE
DANSES;DANSE
DDASS;DASS
DEBITS;DEBIT
DECOUPEU*;COUPEUR
DELEGE;DELEGUE
DELEGEE;DELEGUE
DEMARCH*;REPRESENTANT
ASSISTANT* DENTAIRE*;AIDE SOIGNANT DENTISTE
DENTAIRE;DENTISTE
DENTREPRISE;ENTREPRISE
DENTRETIEN;ENTRETIEN
DEPOTS;DEPOT
DEPT;DEPARTEMENT
DGI;IMPOTS
DOUANIER*;DOUANES
DINDON*;VOLAILLE
DIRECTRICE;DIRECTEUR
DRAMATURGE;ECRIVAIN
DRASS;DASS
DROIT;JURISTE
EBARDEU*;EBARB*******
EAUX;EAU
ECOLES;ECOLE
ECONOMAT;ECONOME
ECREVISSE*;CRUSTACE
EDUCATIVE;EDUCATIF
EDUCATRICE SPORTIVE;EDUCATEUR SPORTIF
EDUCATRICE;EDUCATEUR
EEG;ELECTROR
ELECTRIQUE*;ELECTRIC
ELECRICIEN;ELECTRICIEN
ELECTICIEN;ELECTRICIEN
ELECTRIEN;ELECTRICIEN
ELCTRICIEN;ELECTRICIEN
ELECTRICIEN;ELECTRIC
ELECTRICITE;ELECTRIC
ELECTROMECANI*;ELECTROT
ELECTROMENAG*;ELMENAG
ELECTROMETALLIQUE*;ELMETAL
ELECTRONI*;ELECTRON
ELECTRORADIOLOGIE;ELECTROR
ELECTROENCEPHALOGRAPHIE;ELECTROR
ELECTROTECHNI*;ELECTROT
ELEMENTAIR*;PRIMAIRE
ELEVAGE;ELEVEUR
ENGINEERING;INGENIERIE
EMAUX;EMAIL
EMPL;EMPLOYE
EMPLYE*;EMPLOYE
$Z EMPLOI*;$Z EMPLOYE
ENFANT*;ENFANCE
ENFORMEU*;FORMEUR
ENGAGEE;ARMEE
ENGAGE;ARMEE
ENGINS;ENGIN
ENVELOPPEU*;EMBALLEUR
EPICERIE;EPICIER
EPOUSE;CONJOINT
EQUIPES;EQUIPE
EQUIP;EQUIPEMENT
ERAM;CHAUSSURE
ESPAGNOL;LANGUES
ESTETICIENNE;ESTHETICIENNE
ESTHTICIENNE;ESTHETICIENNE
ESTHETITIENNE;ESTHETICIENNE
ESSAIEUR;ESSAYEUR
ETABLISSEMEN*;ETS
ETAMPEUR;ESTAMPEUR
ETUDES;ETUDE
EUROMARCHE;SUPERMARCHE
EUROPE;ETRANGER
FABRICAT*;PRODUCTION
FABRIQUAT*;PRODUCTION
FABRIQUANT;PRODUCTION
FACONS;FACON
FACONNIER;FACON
FACTRICE;FACTEUR
FACTURE*;COMPTABLE
FAC;UNIVERSITE
FACULTE*;UNIVERSITE
FER;METAUX
FEROVIAIRE*;SNCF
FERROVIAIRE*;SNCF
FILTIER*;FILETIER
FINIS;FINI
FLORAL*;FLEURS
FLUTE TRAVERSIERE;MUSIQUE
FLUTE*;MUSIQUE
FLUTISTE;MUSICIEN
FONCTIONNAIR*;FP
FONCTIONS;FONCTION
FONDANT;FONDEUR
FONDEE;FONDE
FONDERIE;FONDEUR
FORGE;FORGERON
FORGES;FORGERON
FORMIER*;FORMISTE
FOURAGE*;CEREALE
FOURNEU*;FOURNIER
FOURS;FOUR
FOURURE*;FOURREUR
FOURRAGE*;CEREALE
FOURRURE*;FOURREUR
FPA;AFPA
FUNERAIRE*;FUNEBRE
GALVANISEU*;GALVANOPLAST
GAN;ASSURANCE
GARES;GARE
GENDARMERIE;GENDARME
GEOGRAPHIE;GEO
GERANTE;GERANT
GESTION*;GESTION
GHR;HOPITAL
GMF;ASSURANCE
GRADEE;GRADE
GRAPHYSTE;GRAPHISTE
GRAFFISTE;GRAPHISTE
GRAINE;GRAIN
GRAINES;GRAIN
GRAINS;GRAIN
GRANITIER;MARBRIER
GRANIT;PIERRE
GREC;LETTRES
GRENETIER;GRAINETIER
GRUE*;GRUTIER
GRUT*;GRUTIER
GUICHETIER*;GUICHET
GUITARE*;MUSIQUE
GUITARISTE;MUSICIEN
HACHETTE;LIVRE
HABIT;HABILLEMENT
HABITS;HABILLEMENT
HARPE*;MUSIQUE
HARPISTE;MUSICIEN
HAUTE;HAUT
HCL;HOPITAL
HELICOPTERE*;AVIATION
HELIPORT;AEROPORT
HISTOIRE;HIST
HOMARD*;CRUSTACE
HOMMES;HOMME
HOPITAUX;HOPITAL
HOSPITAL*;HOPITAL
HOTELS;HOTEL
HOTELLERIE*;HOTEL
HOTELLIER*;HOTELIER
HOTESSE LAIR;HOTESSE AIR
HOTE ACCUEIL;HOTESSE ACCUEIL
HYG;HYGIENE
IBM;INFORMATIQ
IMPORT;EXPORT
IMPORTATEUR;GROSSISTE
IMPOT;IMPOTS
IMPRESSION;IMPRIMEUR
IMPRIMERIE;IMPRIMEUR
INFANTERIE;ARMEE
INFIEMIER*;INFIRMIER
INFIMIER*;INFIRMIER
INFIRMIER*;INFIRMIER
INFORMATIEN*;INFORMATIQ
INFORMATICIEN*;INFORMATIQ
INFORMATITIEN*;INFORMATIQ
ING;INGENIEUR
INGEN;INGENIEUR
INSPECTRICE;INSPECTEUR
INSTIT;INSTITUTEUR
INSTITUTEUR*;INSTITUTEUR
INSTITUTRICE;INSTITUTEUR
INSTITEUR*;INSTITUTEUR
INTERCOMMUNA*;COLLECTERR
INVESTISSEMENT*;FINANCE
ITALIEN;LANGUES
JARDINAGE*;JARDIN
JARDINS;JARDIN
JEU;JEUX
JOURNAL;JOURNAUX
JOURNEE;JOUR
JOURS;JOUR
JURIDIQUE;JURISTE
KARISTE;CARISTE
KINE;KINESITHERAPEUTE
KYNE;KINESITHERAPEUTE
KINESI*;KINESITHERAPEUTE
KYNESI*;KINESITHERAPEUTE
KINESY*;KINESITHERAPEUTE
KYNESY*;KINESITHERAPEUTE
LABO;LABORATOIRE
LABORENTIN*;LABORANTIN
LAINAGE*;LAINE
LAINES;LAINE
LANGOUSTE*;CRUSTACE
LAPIN*;GIBIER
LATIN;LETTRES
LECLERC;SUPERMARCHE
LEP;SECONDTECH
LIBRES;LIBRE
LIBRESERVICE;LS
LIBRE SERVICE*;LS
LIBRETTISTE;ECRIVAIN
LIGNES;LIGNE
LINGES;LINGE
LISSIER*;LICIER
LIVRES;LIVRE
LOCAL;LOCAUX
LOGICIEL*;INFORMATIQ
LOTO;TRESOR
LOUEUR;LOCATION
LP;SECONDTECH
MA1;MAITRAUX
MA2;MAITRAUX
MA3;MAITRAUX
MACHINES;MACHINE
MACON*;MACON
MAÇON*;MACON
MAGASINAGE;MAGASINIER
MAGEASIN*;MAGASIN
MAGASINS;MAGASIN
MAGASIGNIER;MAGASINIER
MAGAZINIER;MAGASINIER
MAIF;ASSURANCE
MAINS;MAIN
MAIRIE;COLLECTERR
MAITRESSE;MAITRE
MAITRISE;AM
MAITRICE;AM
MAMMOUTH;SUPERMARCHE
MAXICOOP;SUPERMARCHE
MANAGEUR;MANAGER
MANAGEUSE;MANAGER
MANCHONNIER;GAMIN
MANOUVRE;MANOEUVRE
MANEUVRE;MANOEUVRE
MANEOUVRE;MANOEUVRE
MANIPULATRICE;MANIPULATEUR
MANUFACTURE*;USINE
MANNUTENTION;MANUTENTION
MANNUTENTIONNAIRE;MANUTENTIONNAIRE
MANNUTANTIONNAIRE;MANUTENTIONNAIRE
MANUTANTIONNAIRE;MANUTENTIONNAIRE
MANUTANTIONAIRE;MANUTENTIONNAIRE
MANUTENTIONAIRE;MANUTENTIONNAIRE
MARCASSIN*;GIBIER
MARCHAND;COMMERCANT
MARCHANDE;COMMERCANT
MARINE;MARIN
MASSO;MASSEUR
MATALLIQUE*;METALLIQUE
MARTERNEL*;MATERNEL
MATERNITE;HOPITAL
MATH;MATHS
MATHEMATIQU*;MATHS
MECANO;MECANI
MEDIATHECAIRE;BIBLIOTHECAIRE
MENAGES;MENAGE
MENAGERE*;MENAGE
MENAGERS;MENAGE
MERCIER;MERCERIE
METAL;METAUX
METALIER;METALLIER
METTALIER;METALLIER
METTALURGIE;METALLURGIE
METEUR;METTEUR
METTREUR;METREUR
MEUNUISIER;MENUISIER
MICROORDINAT*;INFORMATIQ
MILITAIRE*;ARMEE
MINES;MINE
MINISTERE AGRICOLE;FP
MINISTERE;FP
MOBILIER*;MEUBLE
MONITRICE;MONITEUR
MONTAGE;MONTEUR
MOTOCYCLISTE;MOTARD
MOTOCYCLE*;MOTO
MOTOS;MOTO
MOULAGE;MOULEUR
MOULE;MOULEUR
MOULER;MOULEUR
MOULINAGE;MOULINEUR
MOULINIER;MOULINEUR
MOULINS;MOULIN
MOUTON*;OVIN
MUSEUM;MUSEE
MUSICAL*;MUSIQUE
MUTUALITE;ASSURANCE
MUTUELLE;ASSURANCE
NAVIGANT;NAVIGATION
NAVIRE;BATEAU
NEGRE;ECRIVAIN
NETOYAGE;NETTOYAGE
NETOYEUR;NETTOYEUR
NEUROCHIRURGIEN;CHIRURGIEN
NEUROPSYCHIATR*;PSYCHIATR
NOTARIALE*;NOTAIRE
NOURISSE;NOURRICE
NOURICE;NOURRICE
NURSE;NOURRICE
OPHTALMO*;OPHTALMOLOGI
OPTALMO*;OPHTALMOLOGI
OCULISTE;OPHTALMOLOGI
OCCULISTE;OPHTALMOLOGI
OFSET;OFFSET
OFFSETIS*;OFFSET
OHQ;OQ
OP;OQ
OPS;OQ
OPHLM;HLM
OPERATOIRE;OPERATION
OPERATRICE;OPERATEUR
OPQ;OQ
OP1;OQ
OP2;OQ
OP3;OQ
OP4;OQ
OP5;OQ
OP6;OQ
OQ1;OQ
OQ2;OQ
OQ3;OQ
OQ4;OQ
ORDINATEUR*;INFORMATIQ
ORGANISATRICE;ORGANISATEUR
ORGANISTE;MUSICIEN
ORGE;CEREALE
ORGUE*;MUSIQUE
OS1;OS
OS2;OS
OS3;OS
OSTHEO*;OSTEO
OSTEO*;OSTEOPATHE
OUTILLEU*;OUTIL
OUVRIERE*;OUVRIER
OVURIER*;OUVRIER
O1;OS
O2;OS
O3;OS
P1*;OQ
P2*;OQ
P3*;OQ
P4*;OQ
PAIE*;COMPTABLE
PAL;PRINCIPAL
PALOMBE*;GIBIER
PAROLIER;ECRIVAIN
PATRONNE;PATRON
PAYE;COMPTABLE
PAYES;COMPTABLE
PAYSAN*;CULTIVATEUR
PCEG;PEGC
PCETA;PROFSECTEC
PCET;PROFSECTEC
PEPP;PROFSECTEC
PETT;PROFSECTEC
PTEC;PROFSECTEC
PTEG;PROFSECTEC
PTEP;PROFSECTEC
PTET;PROFSECTEC
PTFT;PROFSECTEC
PTFP;PROFSECTEC
PEAU;CUIR
PEAUX;CUIR
PECHES;FRUITS
PEIGNAGE;PEIGNEUR
PEIGNERON;PEIGNEUR
PEINTS;PEINT
PEITRE;PEINTRE
PEITNRE;PEINTRE
PENITRE;PEINTRE
PEINTURE;PEINTRE
PENITENCI*;PRISON
PENITENTI*;PRISON
PERCHMAN*;PERCHISTE
PERCUSIONNISTE;MUSICIEN
PERDRIX;GIBIER
PERFORA*;PERFO
PERFORE*;PERFO
PEUGEOT;CONSTRUCAUTO
PHILDAR;LAINE
PHOTOGRAV*;FOTOGRAVEUR
PHOTOCOMPOS*;PHOTOCOMPOSIT
PHOTOS;PHOTO
PHOTOGRAPH*;PHOTO
PIANO*;MUSIQUE
PINGOUIN;LAINE
PINTADE*;VOLAILLE
PLACES;PLACE
PLANING;PLANNING
PLANNEUR;PLANEUR
PLANS;PLAN
PLANTON*;HUISSIER
PLIEUSE*;PLIEUR
PLOMBLIER;PLOMBIER
PNEUMATIQ*;PNEU
PNEUS;PNEU
POETE;ECRIVAIN
POISSONS;POISSON
POLICIER*;POLICE
AGENT POLICE;POLICE
POLICE MUNICIPA*;POLICMUN
MUNICIPA*;COLLECTERR
PONEY;CHEVAUX
PONSEUR;PONCEUR
PONTS;PONT
PORC;PORCIN
PORCELET*;PORCIN
PORCS;PORCIN
PORTS;PORT
PORTUGAIS;LANGUES
POSTAL*;PTT
POSTES;PTT
POSTIER*;PTT
POULET*;VOLAILLE
POULAIN*;CHEVAUX
POULICHE*;CHEVAUX
PPAL;PRINCIPAL
PREFECTURE PARIS;FP
PREFECTURE;FP
SOUS FP;FP
PREPARATRICE;PREPARATEUR
PRESTAGIAIRE;STAGIAIRE
PREVENTORIUM;HOSPICE
PRESSES;PRESSE
PRIMES;PRIME
PRIVEE;PRIVE
OUVRIER* PROF* QUALIF*;OQ
OUVRIER* PROF* SPEC*;OQ
OUVRIER* PROF*;OQ
PROFESSIONEL*;PROFESSIONNEL
PROJECTEUR;PROJETEUR
PJ;POLICE
PJT*;PROJET
PRJT*;PROJET
PROJ;PROJET
PROJT*;PROJET
PROJRT*;PROJET
PROJETS;PROJET
PROSPECTRICE;PROSPECTEUR
PROTESISTE;PROTHESISTE
PSYCHIATR*;PSYCHIATR
PHYSCHIAT*;PSYCHIATR
PSCHYCHIAT;PSYCHIATR
PSY;PSYCHIATR
SPYCHIAT*;PSYCHIATR
SPY;PSYCHIATR
PTE;PTT
PUBLICS;PUBLIQ
PUBLIC;PUBLIQ
PUBLIQUE*;PUBLIQ
PUERICULT*;PUERICULT
PHYSICIEN;PHYSIQUE
RACOMMODEUR;RACCOMMODEUR
RADIO THERAP*;RADIOLOGI
RADIOTHERAP*;RADIOLOGI
RADIOLOG*;RADIOLOGI
RAYONS;RAYON
REASSURANCE*;ASSURANCE
RECEVREUR*;RECEVEUR
RECEPTIONISTE;RECEPTIONNISTE
RECTORAT;EDUCNAT
REDACTRICE;REDACTEUR
REEDUCAT*;REEDUCATION
REFECTOIRE*;CANTINE
REG;REGIONAL
REGIMENT;ARMEE
REGLAGE;REGLEUR
REMAILLEUR;REMMAILLEUR
RSPONSABLE;RESPONSABLE
RESP;CHEF
RESPONS;CHEF
RESPONSABLE;CHEF
RESTARATION;RESTAURATION
$Z RESTAURATION;$Z EMPLOYE RESTAURATION
RESTAURATRICE;RESTAURATEUR
REWRITER;ECRIVAIN
ROCHE;PIERRE
ROMANCIER;ECRIVAIN
ROSES;FLEURS
ROUTAGE;ROUTEUR
ROUTES;ROUTE
RUSSE;LANGUES
RVI;CONSTRUCAUTO
SACLAY;CEA
SACS;SAC
$Z SALARIE*;$Z EMPLOYE
SAMU;HOPITAL
SANATORIUM;HOPITAL
SARCELLE;GIBIER
SCE;SERVICE
SCES;SERVICE
SCULTEUR;SCULPTEUR
SECU;SECUSOC
SEIGLE;CEREALE
SKIS;SKI
SMUR;HOPITAL
SOFTWARE;INFORMATIQ
SOIGANT*;SOIGNANT
SOLFEGE;MUSIQUE
SOLS;SOL
SONS;SON
SOUDURE*;SOUDAGE
SPE;SPECIAL
SPECIALI*;SPECIAL
SPORTS;SPORT
SRPJ;POLICE
SPYCHOMO*;PSYCHOMOT
PSICOMO*;PSYCHOMOT
PSHYCOMO*;PSYCHOMOT
PSYCOMO*;PSYCHOMOT
SPYCHOLO*;PSYCHOLOGUE
PSICOLO*;PSYCHOLOGUE
PSHYCOLO*;PSYCHOLOGUE
PSYCOLO*;PSYCHOLOGUE
SS;SECUSOC
STE;SOCIETE
STENO;DACTYLO
STENOG*;DACTYLO
STENODACTYLO*;DACTYLO
DACTYLO* DACTYLO*;DACTYLO
STOCKS;STOCK
SUBDIVISIONN*;SUBDIVISION
SUP;SUPERIEUR
TA;OQ
TABLEAUX;TABLEAU
TACHES;TACHE
TAUREAU*;BOVIN
TAXIMAN;TAXI
TAXIS;TAXI
TAXITEUR;TAXI
TECHNICIEN*;TECHNICIEN
TECNICO;TECHNICO
TECNICOCOM*;TECHNICOCOM
TECHNICOCOM*;TKCOM
TECHNIQ;TECHNIQUE
TECHNQUE;TECHNIQUE
TECNIQUE;TECHNIQUE
TECNHIQUE;TECHNIQUE
THECNIQUE;TECHNIQUE
TECHNOLOGUE;TECHNICIEN
TECHN;TECHNICIEN
TECHNIT*;TECHNICIEN
TECNICIEN*;TECHNICIEN
THECNICIEN*;TECHNICIEN
TELES;TV
TELE;TV
TELECOMM;TELECOM
FRANCE TELECOM*;TELECOM
AGENCE TELECOM*;TELECOM
TELEVISION*;TV
TENANCIER*;GERANT
TERRITORIA*;COLLECTERR
TESTS;TEST
TGV;TRAIN
TISSEU*;TISSERAND
TISSAGE;TISSERAND
TK;TECHNICIEN
TOILETTAGE;TOILETTEUR
TOILEUR;TOILISTE
TOURNESOL;OLEAGINEUX
TOURS;TOUR
TPC;TPE
TRAIDER;TRADER
TRAV;TRAVAUX
TRAMEUR;FOTOGRAVEUR
TRVX;TRAVAUX
TRESORER*;TRESOR
TROMPETTE;MUSIQUE
TROMPETTISTE;MUSICIEN
TRUITE*;POISSON
TURBINES;TURBINE
TURBINIER;TURBINEUR
THUYAUTEUR;TUYAUTEUR
TRAVAILEUR;TRAVAILLEUR
TVX;TRAVAUX
UAP;ASSURANCE
UNEDIC;SECUSOC
URSSAF;SECUSOC
USINAGE;USINE
USINE*;USINE
USINOR;SIDERURGIE
SIDERRURGI*;SIDERURGIE
VACHE* LAITIER*;BOVIN
VACHE*;BOVIN
VEAU*;BOVIN
VENDEUSE;VENDEUR
VENTES;VENTE
$Z VENTE;$Z VENDEUR
VETEMENT*;HABILLEMENT
VIGNE;VITICULTEUR
VIGNES;VITICULTEUR
VIGNERON*;VITICULTEUR
VIGNOBLE*;VITICULTEUR
VILLE;COLLECTERR
VINICOL*;VITICULTEUR
VINS;VIN
VIOLONCELLISTE;MUSICIEN
VIOLONCELLE;MUSIQUE
VIOLONISTE;MUSICIEN
VIOLON;MUSIQUE
VITICOL*;VITICULTEUR
VOIES;VOIE
VOIRIE*;VOIERIE
VOITURE*;VL
VOLAILLES;VOLAILLE
VOYAGES;VOYAGE
VOYAGEUR;REPRESENTANT
VRP;REPRESENTANT
ZASU;SASU
ACTION SANIT* SOCIAL*;DASS
ADJ* ADM* PRINC*;AAP
ADJOINT CHEF;CHEF
ADJOINT CHEFDEP;CHEFSER
ADJOINT CHEFSER;CHEFSER
ADJOINT DIRECTEUR;SOUSDIR
ADJ* ENSEIG*;AE
ADJOINT CHARGE ENSEIG*;AE
AE CHARGE ENSEI*;AECE
ADJOINT TECHNIQUE;ADJOINTECH
ADMINISTRATEUR ELEVE;$A ADMINISTRATE
ADM* CENTRAL*;AC
ADMINIST* PRISON;PRISON
AFRETEUR;AFFRETEUR
AFFAIRE* ETRANGER*;AFFETRANG
AFF* SANITAIRE* SOCIAL*;DASS
AGENCE EMPLOI;ANPE
AG* ADM* PRINC*;AAP
AG* ADM* QUALIF*;AAQ
AGENT ATELIER;OUVRIER
AGENT BANQUE;EMPLOYE BANQUE
AGENT FP PRINCIPAL;AAP
AGENT BUREAU;AGENTBURO
AGENT COMMERCIAL*;REPRESENTANT
AGENT CONTRACTUEL*;CONTRACTUEL
AGENT ETAT;FP
AGENT HOPITAL;ASH
AGENT ITINERANT*;REPRESENTANT
AGENT AM PRINCIPAL;AM
AGENT AM QUALIFIE;AM
AGENT AM;AM
AGENT PRINCIPAL ADM*;AAP
AGENT PRINCIPAL FP;AAP
AGENT PROFESSIONNEL*;OQ
AGENT PTT;PTT
AGENT REPRESENTANT;REPRESENTANT
AGENT SERVICE* HOPITAL;ASH
AGENT SPEC* ECOLE* MATERNEL*;ASEM
AGENT SPEC* MATERNEL*;ASEM
AGTTECHN GESTION;ATG
AGENT TECHNICO COMMERCIAL*;REPRESENTANT
AGENT TECHNIQUE COMMERCIAL*;REPRESENTANT
AGENT TELECOM*;TELECOM
AGENT TITULAIRE;TITULAIRE
AGENT USINE;OUVRIER USINE
AGRICOLE ELEVEUR;ELEVEUR
AGRICOLE VITICULT*;VITICULTEUR
AGRICOLE ARBORICULT*;ARBORICULTEUR
AGRICOLE HORTICULT*;HORTICULTEUR
AGRICOLE MARAICHER*;MARAICHER
AGRO ALIM*;IAA
AGROALIM*;IAA
AIDE ATELIER;OUVRIER
AIDE CANTIN*;CANTINIERE
AIDE CONCIERGE;CONCIERGE
AIDE OQ;OUVRIER
AIDE OUVRIER*;OUVRIER
AIDE PRODUCTION;OUVRIER PRODUCTION
AIDE VENDEU*;VENDEUR
AIDE ADOMICILE;AIDE A DOMICILE
APPRENTI* SOUS CONTRAT*;APPRENTI
APPRENTI* EMPLOYE*;EMPLOYE
APPRENTI* VENDEU*;VENDEUR
APPRENTI* VENTE*;VENDEUR
ARMEE TERRE;ARMEE
ARMEE ACTIV*;ARMEE
ARMEE AIR;ARMEE
ARMEE CARRIERE;ARMEE
ARMEE SOUS CONTRAT;ARMEE
ARMEE VOLONTAIRE*;ARMEE
AVIAT* ARMEE;ARMEE
ASSIMILE CADRE;ASSCADRE
CABINET* ASSURANCE*;ASSURANCE
CAISSE ALLOC* FAM*;SECUSOC
ALLOC* FAM*;SECUSOC
AM CHEF;AM
AMERIQUE LATINE;ETRANGER
SERVICE APRES VENTE;SAV
APRES VENTE;SAV
ART* METIER*;ARTSMET
ASSISTANCE PUBLIQ*;HOPITAL
ASSISTANCE ** ASSISTAN*;ASSISTANT
ASSISTAN* ** ASSISTANCE;ASSISTANT
ASSISTANT CHEF;CHEF
ASSISTAN* MATERNEL*;ASSISTANTE MATERNELLE
ASSISTAN* SERVICE SOCIAL*;ASSISTANTE SOCIALE
ASSISTAN* SOCIAL*;ASSISTANTE SOCIALE
ASSISTAN* SPEC* MATERNEL*;ASEM
ATTACHE* ELEVE;ATTACHE
ATTACHE* PRINCIPAL;ATTACHE
AUDIO PROTHESISTE;AUDIOPROTHES
AUTEUR LITTERAIRE;ECRIVAIN
AUTOECOLE;AUTO ECOLE
** AUX IMPOTS;** IMPOTS
** AUX DOUANES;** DOUANES
** AUX PTT;** PTT
** AUX TELECOM;** TELECOM
AUX* INFIMIER;AIDE SOIGNANT
AUX* PUERIC*;AUXILIAIRE PUERICULTURE
ASCENCORISTE;ASCENSORISTE
ASCENCEURISTE;ASCENSORISTE
AVIATION CIVIL*;AVCIVIL
BANQUE FRANCE;BANQUE
BATIMENT GENIE CIVIL;BTP
BATIMENT TRAVAUX PUBLIQ;BTP
BEAUX ART*;BEAUXARTS
BEURRE* OEUF* FROMAGE*;BOF
BIBLIO* COLLECTERR;BIBLIOTHE COLLECTERR
BIBLIO* NATIONAL*;BIBLIOTHE FP
BLOC OPER*;CHIRURGIE
BUREAU* ETUD*;BE
AGTTECHN BE;TECHNICIEN ETUDE
AGTTECHN BUREAU;ATB
DESSIN* BE;DESSINATEUR ETUDE
CABINET MAIRE;COLLECTERR
CABINET MINIST*;FP
CABINET PREFE* POLICE;FP
CABINET PREFE*;FP
CADRE HOPITAL TEMPORAIRE;HOPITAL
CAISSE DEPOT* CONSI*;BANQUE
CAISSE DEPOT*;BANQUE
CAISSE EPARGNE;BANQUE
CAISSE NATIONAL* EPARGNE;PTT
CAISSE NATIONAL* PREVOYANCE;PTT
CAISSE PRIMAIRE ASSURANCE*;SECUSOC
CAISSE REGIONALE ASSURANCE*;SECUSOC
CADRE CONTRACTUEL*;CONTRACTUEL
CADRE D2;CADRED2
CADRE D3;CADRED3
CANTINE MENAGE*;CANTINE
CCP;PTT
CENTRE AFPA;AFPA
CENTRE AIDE TRAVAIL;CATRAV
CENTRE ETUDE* ATOMIQ*;CEA
CENTRE FORMATION APPRENTI*;CFA
CENTRE HOPITAL;HOPITAL
CENTRE MEDICO PSYCHO PEDAGOGI*;CMPP
CENTRE NATIONAL ETUDE* SPATIALE*;CNES
CENTRE NAT* RECH* SCIENTIF*;CNRS
CENTRE NAT* TRANSFUSION* SANG*;CNTS
CENTRE PRISON;PRISON
CES AGENT;AGENT
CES AIDE;AIDE
CES ASH;ASH
CES EMPLOYE*;EMPLOYE
CES HOPITAL;ASH
CES OUVRIER;OUVRIER
SECRAITAIRE;SECRETAIRE
SECRTAIRE;SECRETAIRE
CES SECRETAIRE;SECRETAIRE
CES SECRETARIAT;SECRETAIRE
CHAMBRE AGRICOLE;COLLECTERR
CHAMBRE COMMERCE;COLLECTERR
CHAMBRE COMMERCE INDUSTRIE;COLLECTERR
CHAMBRE METIERS;COLLECTERR
CHARGEE MISSION*;CHARMI
CHARGE MISSION*;CHARMI
CHEF ADJOINT;CHEF
CHEF AM;AM
CHEF BUREAU;CHEFSER
CHEF CENTRE;CHEFCENT
CHEF CELLULE;CHEFSER
CHEF DEPARTEMENT;CHEFDEP
CHEF DIVISION;CHEFSER
CHEF ENTITE;CHEFSER
CHEF EQUIPE;CHEFEQUIPE
CHEF GARAGE;CHEFGARAGE
CHEF UNITE;CHEFSER
CHEF SECTEUR;CHEFSECR
CHEF SECTION;CHEFSECN
CHEF SERV;CHEFSER
CHEF SERVICE;CHEFSER
CHEF TECHNICIEN TELECOM*;TECHNICIEN PTT
CHIMIE* PHYSIQ*;PHYCHIMIE
CADRE CHEFSER;CHEFSER
CIE ASSURANCE*;ASSURANCE
CHEQUE* POSTAUX;PTT
CIRCULATION AERIEN* CIVIL*;AVCIVIL
CIRCULATION AERIEN*;AVIATION
CITE HLM;HLM
CITE UNIVERS*;EDUCSUP
CLASSE ENFANT*;PRIMAIRE
CLASSE MATERNEL*;MATERNEL
CLASSE PRIMAIRE*;PRIMAIRE
CO EXPLOITANT*;EXPLOITANT
CO GERAN*;GERANT
CO PILOTE;PILOTE
CO PROPRIETE;IMMEUBLE
COLLEC* COLLECTERR;COLLECTERR
COLL* LOCAL*;COLLECTERR
COLL* TERR*;COLLECTERR
COLLECTERR NOUVEL*;COLLECTERR
COLLECTERR PARIS;COLLECTERR
CES LYCEE* PRIVE*;LYCEE
CES LYCEE*;LYCEE
CES PRIVE;COLLEGE
CES ENSEIGNEMENT GENERAL;COLLEGE
CES ENSEIGNEMENT SECONDAIRE;COLLEGE
CES ENSEIGNEMENT TECHNIQUE AGRICOLE;SECONDTECH
CES ETAT;COLLEGE
COMMANDE* NUMERIQUE*;CN
COMMERCANT* ARTICLE*;COMMERCANT
COMMERCANT* BIEN*;ADMINISTRATE BIEN
COMMERCANT* DETAIL*;DETAILLANT
COMMERCANT* FRANCHISE*;COMMERCANT
COMMERCANT* MAGASIN;COMMERCANT
COMMERCANT* SEDENTAIRE;COMMERCANT
COMMERCANT* VENTE;COMMERCANT
CONDITION* CONDUCT*;CONDUCTEUR CONDITIONNEUR
CONDUCT* CONDITION*;CONDUCTEUR CONDITIONNEUR
CONDUCT* EMBAL*;CONDUCTEUR CONDITIONNEUR
CONDUCT* EMBOUT*;CONDUCTEUR CONDITIONNEUR
CONDUCT* ENSACH*;CONDUCTEUR CONDITIONNEUR
CONDUCT* APPAR* CONDITION*;CONDUCTEUR CONDITIONNEUR
CONDUCT* APPAR* EMBAL*;CONDUCTEUR CONDITIONNEUR
CONDUCT* APPAR* EMBOUT*;CONDUCTEUR CONDITIONNEUR
CONDUCT* APPAR* ENSACH*;CONDUCTEUR CONDITIONNEUR
CONDUCT* LIGNE* CONDITION*;CONDUCTEUR CONDITIONNEUR
CONDUCT* CHAINE* CONDITION*;CONDUCTEUR CONDITIONNEUR
CONDUCT* CHAINE* EMBAL*;CONDUCTEUR CONDITIONNEUR
CONDUCT* CHAINE* EMBOUT*;CONDUCTEUR CONDITIONNEUR
CONDUCT* CHAINE* ENSACH*;CONDUCTEUR CONDITIONNEUR
CONDUCT* LIGNE* EMBAL*;CONDUCTEUR CONDITIONNEUR
CONDUCT* LIGNE* EMBOUT*;CONDUCTEUR CONDITIONNEUR
CONDUCT* LIGNE* ENSACH*;CONDUCTEUR CONDITIONNEUR
CONDUCT* MACHINE* CONDITION*;CONDUCTEUR CONDITIONNEUR
CONDUCT* MACHINE* EMBAL*;CONDUCTEUR CONDITIONNEUR
CONDUCT* MACHINE* EMBOUT*;CONDUCTEUR CONDITIONNEUR
CONDUCT* MACHINE* ENSACH*;CONDUCTEUR CONDITIONNEUR
CONDUCT* SUREMBAL*;CONDUCTEUR CONDITIONNEUR
DEMI GROS;GROSSISTE
DEMI GROSSISTE;GROSSISTE
COMMERCANT* GROS;GROSSISTE
COMMERCANT* ** GROS;GROSSISTE
COMMERCANT* GROSSISTE;GROSSISTE
COMMERCANT* ** GROSSISTE;GROSSISTE
COMMERCANT* IMPORTAT*;GROSSISTE
COMMERCANT* ** IMPORTAT*;GROSSISTE
COMMECIAL;COMMERCIAL
COMERCIAL;COMMERCIAL
COMMEDIEN*;COMEDIEN
COMTABLE;COMPTABLE
COMMISS* ENERG* ATOM*;CEA
COMMUNAUTE* URBAINE;COLLECTERR
COMPAGNIE ASSURANCE*;ASSURANCE
COMPAGNON PROFESSIONNEL*;OQ
COMPAGNON TOUR FRANCE;OQ
CONCURRENCE CONSOMMATION;FP
CONSEIL GENERAL;COLLECTERR
CONSEIL REGIONAL;COLLECTERR
CONSEIL* VENDEU*;VENDEUR
CONSEIL* VENTE*;VENDEUR
CONTRE MAITRE*;AM
CONTROLE DATA;INFORMATIQ
CHAMB* REG* IMPOTS;IMPOTS
CHEFSECN CONTROLE;$B CONTROLE
CHEFSECN ** CONTROLE;$B CONTROLE **
CONTROLE CHEFSECN;$B CONTROLE
CONTROLE ** CHEFSECN;$B CONTROLE **
CONTROLE DIVISIONNAIRE;$B CONTROLE
CONTROLE ** DIVISIONNAIRE;$B CONTROLE **
DIVISIONNAIRE ** CONTROLE;$B CONTROLE **
DIVISIONNAIRE CONTROLE;$B CONTROLE
CORPS INTER MINIST*;FP
CORPS INTERMINIST*;FP
CORPS PREFECT*;FP
CORRESPONDANT* COMMERCIAL*;REPRESENTANT
COUR* APPEL;TRIBUNAL
COUR* JUSTICE;JUSTICE
CREDIT AGRICOLE;BANQUE
CREDIT LYONNAIS;BANQUE
CREDIT MUTUEL;BANQUE
CULTIVAT* ELEVEU*;ELEVEUR
CULTIVAT* ENDIVIER*;ENDIVIER
CULTIVAT* HERBAGER*;HERBAGER
CULTIVAT* HORTICULT*;HORTICULTEUR
CULTIVAT* MARAICHER*;MARAICHER
CULTIVAT* PEPINIERISTE;PEPINIERISTE
CULTIVAT* VITICULT*;VITICULTEUR
CEUILLEUR;CUEILLEUR
CLER;CLERC
DACTYLO CODEU*;DACTYLOCODEU
DD AGRIC* FORET*;DDA
DD AGRIC*;DDA
DEBITAN* BOISSON*;CAFETIER
DEBIT* BOISSON*;CAFE
DEBITAN* TABAC*;BURALISTE
DEBIT* TABAC*;TABAC
DELEGUE* COMMERCIAL*;REPRESENTANT
DEMONSTRAT* REPRESENTANT*;REPRESENTANT
2EME CYCLE;CYCLE2
2EME MUSIQUE;MUSICIEN
DISIGNER;DESIGNER
DIPLOME* ETAT*;
DIR ADJOINT;SOUSDIR
DIR GENERAL;DIRECTEUR GENERAL
DIRECT ADJOINT;SOUSDIR
DIRECT COMM;DIRECTEUR COMMERCIAL
DIRECT GENERAL;DIRECTEUR GENERAL
DIRECT TECHNIQUE;DIRECTEUR TECHNIQUE
DIRECTEUR ADJOINT;SOUSDIR
DIRECTION DEPARTEMENTAL* AFFAIRES SANITAIRES SOCIALES;DASS
DIRECTION DEPARTEMENTAL* AFFAIRES SOCIALES;DASS
DIRECTION DEPARTEMENTAL* AGRIC*;DDA
DIRECTION DEPARTEMENTAL* EQUIPEMENT;DDE
DIRECTION REGIONALE;DR
DIRECTION GENERALE IMPOTS;IMPOTS
DIS* JOCKEY;DISCJOCKEY
DOCTEUR MEDECIN*;MEDECIN
ETS BANQUE;BANQUE
GARD* ENFANT* AGRE*;ASSISTANTE MATERNELLE
GARD* AGRE*;ASSISTANTE MATERNELLE
GARD* ENFANT*;ASSISTANTE MATERNELLE
GARDE REPUBLI*;GENDARME
GDE* SURFACE*;SUPERMARCHE
GENDARME* AIR;GENDARME
GENDARME* BRIGADE;GENDARME
GENDARME* MARITIME;GENDARME
GENDARME* MOBILE;GENDARME
GENDARME* NATION*;GENDARME
GENIE RURAL EAU* FORET*;GREF
GENIE RURAL;GREF
GRAND* SURFACE*;SUPERMARCHE
GENRALISTE;GENERALISTE
EAU* FORET*;ONF
ECOLE ARMEE;ARMEE
ECOLE MATERNEL*;MATERNEL
ECOLE MIXTE;ECOLE
ECOLE NATIONALE;ECOLENAT
ECOLE NORMALE SUPERIEUR*;ENS
ECOLE PRIMAIRE*;PRIMAIRE
ECOLE PRIVE*;ECOLE
ECRITURE* COMPTABLE*;COMPTABLE
EDF GDF;EDF
EDUCATION MANUEL* TECHN*;EMT
EDUCATION MANUEL* TRAV*;EMT
EDUC* NAT*;EDUCNAT
EDUC* NLE;EDUCNAT
EDUC* PHYS* SPORT*;EPS
EDUC* PHYS*;EPS
EDUC* SPORTIVE;EPS
ELECTRIC FRANCE;EDF
ELECTRO CARDIOLOG*;ELECTROR
ELECTRO CHIMIE;ELECTROCHIMI
ELECTRO ENCEPHA*;ELECTROR
ELECTRO MECANI*;ELECTROT
ELECTRO MENAG*;ELMENAG
ELECTRO METALLURGIE;ELMETAL
ELECTRO RADIO*;ELECTROR
ELECTRO TECHNI*;ELECTROT
ELEVE ADMINISTRATEUR;$A ADMINISTRATE
ELEVE ATTACHE*;ATTACHE
ELEVE EDUCATEUR;EDUCATEUR
ELEVE INFIRMIER*;INFIRMIER
ELEVE INSPECTEUR;$A INSPECTEUR
ELEVE INSTITUTEUR;INSTITUTEUR
ELEVE SOUS OFF*;SOUSOFF
ELEVEUR AVICULT*;AVICULTEUR
ELEVEUR AQUACULT*;AQUACULTEUR
ELEVEUR CRUSTACE*;AQUACULTEUR
ELEVEUR HUITRE*;OSTREICULTEU
ELEVEUR MOULE*;MYTILICULTEU
ELEVEUR POISSON*;PISCICULTEUR
EMPLOYE* AIDE;AIDE
EMPLOYE* ADMINISTIF;EMPLOYE BUREAU
EMPLOYE* ADMINISTRATIF;EMPLOYE BUREAU
EMPLOYE* ADMINISTRATIVE;EMPLOYE BUREAU
EMPLOYE* COLLECTERR;AGENT COLLECTERR
EMPLOYE* COMMERCE*;VENDEUR
EMPLOYE* EDF;AGENT EDF
EMPLOYE* OUVRIER;OUVRIER
EMPLOYE* POLYVALENT*;EMPLOYE
EMPLOYE* PRINCIPAL*;EMPLOYE
EMPLOYE* PTT;PTT
EMPLOYE* QUALIFIE*;EMPLOYE
EMPLOYE* SPECIALISE*;EMPLOYE
EMPLOYE* STAGIAIRE;EMPLOYE
EMPLOYE* SNCF;AGENT SNCF
EMPLOYE* TELECOM;TELECOM
EMPLOYE* USINE;OUVRIER USINE
EMPLOYE* VENDEUR;VENDEUR
EMPLOYE* VENTE*;VENDEUR
ENSEIGNEMENT GENERAL COLLEGE;COLLEGE
ENSEIGNEMENT MANUEL* TECHNIQUE;EMT
ENSEIGNEMENT PRIMAIRE;PRIMAIRE
ENSEIGNEMENT SECONDAIRE PRIVE;SECONDAIRE
ENSEIGNEMENT SECONDAIRE;SECONDAIRE
ENTRETIEN MAINTENANCE*;MAINTENANCE
ESPACE* VERT*;JARDIN
ETS HOPITAL;HOPITAL
ETS PRISON;PRISON
EXPORT EXPORT;EXPORT
PROPRIETAIRE EXPLOITA*;EXPLOITANT
EXPLOITATION AGRICOLE;AGRICOLE
EXPLOITATION HORTICULT*;HORTICULTEUR
EXPLOITATION MARAICHER*;MARAICHER
EXPLOITATION VITICULT*;VITICULTEUR
FEMME COMMERCANT*;COMMERCANT
FEMME CULTIVATEUR;CULTIVATEUR
FELIX POTIN;SUPERETTE
FONCT* COLLECTER;COLLECTERR
FONCT* PUB* ETAT;FP
FONCT* PUB*;FP
AGENT FP;FP
FP AGENTBURO;$C AGENTBURO
FP ** AGENTBURO;$C AGENTBURO **
FP ATTACHE;$A ATTACHE
FP ** ATTACHE;$A ATTACHE
FP COMMIS;$C COMMIS
FP ** COMMIS;$C COMMIS
FP CONTROLE;$B CONTROLE
FP ** CONTROLE;$B CONTROLE **
FP ETAT;FP
FP CENTRAL*;AC
FP DEFENSE NATIONALE;FP
FP DEFENSE;FP
FP DEPARTEM*;COLLECTERR
FP EDUCNAT;EDUCNAT
FP FINANCE*;FINANCE
FP INTERIEUR;FP
FP TERR;COLLECTERR
FP TERRIT*;COLLECTERR
FP TITULAIRE;FP
ELEVE FP;FP
GARDE* ENFAN*;GARDIEN ENFANCE
GARDE* MALADE*;GARDE MALADE
GASTRO ENTEROLOG*;GASTROENTERO
GENIE CIVIL;TP
GESTION* COMPTABLE;COMPTABLE
GESTION* FINANCE*;FINANCE
GILL BOXER;GILLBOXER
GAZ FRANCE;GDF
HAUT* FIDELITE;HIFI
HIST GEO*;HISTGEO
HOMME LETTRES;ECRIVAIN
HYPER MARCHE;HYPERMARCHE
MANUT* ** PTT;MANUTENTIONNAIRE PTT **
MILIEU HOPITAL;HOPITAL
HOPITAL PSY*;HP
HOPITAL CIVIL;HOPITAL
HOPITAL PUBLIQ;HOPITAL
HOPITA* UNIV*;HOPITAL
HOSPICE* CIVIL*;HOPITAL
HOTESSE SECRETAIRE;SECRETAIRE
HOTESSE VENTE;VENDEUR
IMPOTS DIRECT*;IMPOTS
INDUST* ALIMENT*;IAA
INDUST* IAA;IAA
IND CHIMI*;CHIMIE
INDUSTRIE* CHIMI*;CHIMIE
INFIRMIER* AIDE;INFIRMIER
INFIRMIER* AUX*;INFIRMIER
INFIRMIER* DIPLOME*;INFIRMIER
INFIRMIER* ELEVE;INFIRMIER
INFIRMIER* ETAT;INFIRMIER
INFIRMIER* HOPITAL;INFIRMIER
INFIRMIER* HOSPICE;INFIRMIER
INFIRMIER* JOUR;INFIRMIER
INFIRMIER* NUIT;INFIRMIER
INFIRMIER* SALARIE*;INFIRMIER
INFIRMIER* SECTEUR;INFIRMIER
INFIRMIER* SERVICE*;INFIRMIER
INFIRMIER* ** AIDE;INFIRMIER **
INFIRMIER* ** AUX*;INFIRMIER **
INFIRMIER* ** CADRE;INFIRMIER CADRE
INFIRMIER* ** MONITEUR*;INFIRMIER MONITEUR
INFIRMIER* ** MONITRICE*;INFIRMIER MONITEUR
INFIRMIER* ** SPECIAL*;INFIRMIER SPECIAL
INFIRMIER* ** SURVEILLANT*;INFIRMIER SURVEILLANT
INGENIEUR TECHNICIEN;INGENIEUR TECHNIQUE
INGENIEUR CHEF PROJET*;INGENIEUR ETUDE
INGENIEUR ** IT;INGENIEUR TECHNIQUE
INGENIEUR ** INGENIEUR CHEF;INGENIEUR CHEF **
INGENIEUR ** INGENIEUR PRINCIPAL;INGENIEUR PRINCIPAL **
INGENIEUR AFFAIRE* VENTE*;INGENIEUR COMMERCIAL
INGENIEUR AFFAIRE*;INGENIEUR COMMERCIAL
INSPECTION ACADEMIQUE;EDUCNAT
INSPECTION TRAVAIL;FP
FP AGREGE;AGREGE
INSTITUT MEDICOPEDAG*;IMP
INSTITUT MEDICOPROF*;IMP
INSTITUT GEO* NAT*;IGN
INSTITUT NAT* ETUDE DEMO*;INED
INSTITUT NAT* RECH* AGRON*;INRA
INSTITUT NAT* SCIENCE* APPLIQ*;INSA
INSTITUT NAT* SANTE RECH* MED*;INSERM
INSTITUTEUR ** CHARGE *;INSTITUTEUR CHARGE ECOLE **
INSTITUTEUR ** DIRECTEUR;INSTITUTEUR DIRECTEUR **
INSTITUTEUR ** SPECIAL;INSTITUTEUR SPECIAL **
INSTRUMENT MUSIQUE;MUSIQUE
INSTRUMENTS MUSIQUE;MUSIQUE
JEUNE* ENFAN*;ENFANCE
KINESI THERAPEUTE;KINESITHERAPEUTE
KINESITHERAPEUTE REEDUC*;KINESITHERAPEUTE
LABO* ANALYSE* MED*;LAM
FRANCAIS LETTRE*;LETTRES
LANGUE* ETRANGER*;LANGUES
LETTRE* CLASSIQUE*;LETTRES
LETTRE* MODERNE*;LETTRES
LETTRE* FRANCAIS*;LETTRES
LIBRE SERVICE*;LS
LOCATION GERANCE;COMMERCANT
LOT* NATIONAL*;TRESOR
LYCEE* COLLEGE* PRIVE*;LYCEE
LYCEE* COLLEGE*;LYCEE
LYCEE* PRIVE*;LYCEE
LYCEE* ENSEIGNEMEN* PROF*;SECONDTECH
LYCEE* ENSEIGNEMEN* TECHNIC;LYCEETECH
LYCEE* PROFESSION*;SECONDTECH
LYCEE* TECHNIC;LYCEETECH
LP1;SECONDTECH
MACHINE OUTIL;MACHINEOUTIL
MACHINEOUTIL CN;MOCN
MACHINE CN;MOCN
MAINTENANCE* DEPANN*;MAINTENANCE
MAINTENANCE* ENTRETIEN*;MAINTENANCE
MAINTENANCE* REPARAT*;MAINTENANCE
MAISON COMMERCE;COMMERCE
MAISON ARRET*;PRISON
MAISON REPOS;HOSPICE
MAISON RETRAITE*;HOSPICE
MAISON SANTE;HOSPICE
MAITRE* AUX*;MAITRAUX
MAITRE NAGEUR SAUVETEUR;MNS
MAITRE NAGEUR;MNS
MAITRE OUVRIER;MAITOUVR
MAITRE PRINCIPAL;PREMIER MAITRE
MAITRAUX 1;MAITRAUX
MAITRAUX 2;MAITRAUX
MAITRAUX 3;MAITRAUX
MAITRAUX PROFESSEUR;MAITRAUX
PROFESSEUR MAITRAUX;MAITRAUX
MAITRAUX ** SECONDTECH;MAITRAUX SECONDTECH **
MARCHE INTERET NATIONAL;MIN
MARECHAL LOGIS;MDL
MARIN COMMERCANT;MARIN COMMERCE
MARIN ETAT;MARINENAT
MARIN NATIONAL*;MARINENAT
MATERIEL* INFORMATIQ*;INFORMATIQ
MEDIC* SOCIA*;MEDICOSOCIAL
MEDIC* PSY*;MEDICOPSY
MENAGE* ENTRETIEN;MENAGE
MENAGE* NETTOY*;MENAGE
MENAGE* REPAS;MENAGE
MICRO INFORMATIQ*;INFORMATIQ
MICRO ORDINATEUR*;INFORMATIQ
MICRO REPROGRAPH*;MICROFILMEUR
DOMINICILE;DOMICILE
MON DOMICILE;DOMICILE
NEGOCIANT* REPRESENTANT*;REPRESENTANT
NEGOCIAT* COMMERCIAL*;REPRESENTANT
NEURO CHIRURGIEN;CHIRURGIEN
NEURO PSY*;PSYCHIATR
NON SPECIAL;NONSPECIALIS
NOURRICE AGRE*;ASSISTANTE MATERNELLE
NOURRICE DOMICILE;ASSISTANTE MATERNELLE
PALAIS JUSTICE;TRIBUNAL
PEDO PSY*;PEDOPSY
1ER CYCLE;CYCLE1
PSYCHO MOT*;PSYCHOMOT
PSYCHO SOC*;PSYCHOSOCIAL
PSYCHO THER*;PSYCHOTHERAP
PSYCHO TECHN*;PSYCHOTHECNIQ
OFFICE* HLM;HLM
OFFICE NAT* CHASSE;ONC
OFFICE NAT* FORET*;ONF
ORGANISATEUR COMMERCIAL;REPRESENTANT
ORGANISATRICE COMMERCIAL*;REPRESENTANT
ORTOPHONISTE;ORTHOPHONISTE
ORTHO PROTHESISTE;ORTHOPROTHES
OTHO RHINO LARYNGO*;ORL
OUVRIER* ENTRETIEN* ACCUEIL*;OEA
OUVRIER* ETAT;OUVRIERFP
OUVRIER* H QUALIFIE*;OQ
OUVRIER* * H QUALIFIE*;OQ *
OUVRIER* HAUTEMENT QUALIFIE*;OQ
OUVRIER* * HAUTEMENT QUALIFIE*;OQ *
OUVRIER* NON QUALIFIE*;OS
OUVRIER* * NON QUALIFIE*;OS *
OUVRIER* QUALIFIE*;OQ
OUVRIER* * QUALIFIE*;OQ *
OUVRIER* SPECIAL*;OS
OUVRIER* * TRES QUALIFIE*;OQ *
OUVRIER* TRES QUALIFIE*;OQ
OUVRIER ENTRETIEN VOIERIE;OEVP
ENTRETIEN RUE*;OEVP
ENTRETIEN VOIRIE*;OEVP
OXY COUPEUR;OXYCOUPEUR
PAPIER* CARTON*;PAPIERCARTON
PARA MEDICA*;PARAMEDICALE
PARC* JARDIN;JARDIN
PEP;SECONDTECH
PLATE FORM*;PLATEFORM
PIZZAY*;PIZZAIOLO
PIZZAOI*;PIZZAIOLO
PIZZAEL*;PIZZAIOLO
PROFESSEUR ** CES;PROFESSEUR CES **
PROFESSEUR ** COLLEGE*;PROFESSEUR COLLEGE **
PROFESSEUR ENS* SECOND*;PROFESSEUR SECONDAIRE
PROFESSEUR ** ENS* SECOND*;PROFESSEUR SECONDAIRE **
PROFESSEUR ** LET;PROFESSEUR LET **
PROFESSEUR ** SECONDTECH;PROFESSEUR SECONDTECH **
PROFESSEUR ** LYCEE*;PROFESSEUR LYCEE **
PROFESSEUR BTS;PROFESSEUR IUT
PROFESSEUR ** BTS;PROFESSEUR IUT **
PROFESSEUR CLASSE* PREPA*;PROFESSEUR LYCEE
PROFESSEUR ** CLASSE* PREPA*;PROFESSEUR LYCEE **
PROFESSEUR ** IUT;PROFESSEUR IUT **
PROFESSEUR ENSEIG* SUP*;PROFESSEUR IUT
PROFESSEUR ** ENSEIG* SUP*;PROFESSEUR IUT **
PROFESSEUR ** UNIVERSITE*;PROFESSEUR UNIVERSITE **
PERS* AGE*;AGE3
PETRO CHIMIE;PETROCHIMIE
PHYSIQ* CHIMIE*;PHYCHIMIE
PHOTO COMPOSIT*;PHOTOCOMPOSIT
POID* LOUR*;PL
POLICE AIR FRONTIERE*;POLICE
POLICE FRONTIERE*;POLICE
POLICE NATIONAL*;POLICE
POLICE URBAIN*;POLICMUN
SAPEUR* POMPIER*;POMPIER
POMPIER* SAPEUR*;POMPIER
POMPIER* COLLECTERR;FPT POMPIER
POMPIER* PROFESSION*;FP POMPIER
POMPIER* FORE*;FP POMPIER
POMPIER* ETAT;FP POMPIER
POMPIER* PARIS;ARMEE POMPIER
PONT* CHAUSSE*;TPE
PRE STAGIAIRE;STAGIAIRE
PRET PORTER;HABILLEMENT
1ER MUSIQUE;MUSICIEN
PRIMAIRE MATERNEL;PRIMAIRE
QUALIF* PROF*;QUALIF
PROF* ENSEIG** GEN* COLLEGE*;PEGC
PROF* ENSEIG* GENERAL;PEG
PROF* ENSEIG* PROFESSION*;PROFSECTEC
PROF* ENSEIG* TECHNI*;PROFSECTEC
$* ** SECONDTECH;$W SECONDTECH **
$* ** MAITRAUX;$W MAITRAUX **
$* ** PEGC;$W PEGC **
$* ** PLP*;$W PLP **
$Z REMPLACANT* **;$Z **
$Z REMPLACEMENT* **;$Z **
PRESIDENT DIRECTEUR GENERAL;PDG
PRODUIT* ALIMENTAIRE*;ALIMENT
PROTECTION MATERNEL* INFANTIL*;PMI
RECETTE* IMPOTS;IMPOTS
RECHERCHE PUBLIQ;RECHPUB
REGIE RENAULT;CONSTRUCAUTO
RELAT* HUMAINE*;RH
RESSOU* HUMAINE*;RH
RISQUES DIVERS;RD
SALLE OPERAT*;CHIRURGIE
SCIENCE* ECONOMI*;ECONOMIE
SCIENCE* NATUREL*;SCIENCNAT
SCIENCE* PHYSIQ*;SCIENCPHY
SECRETAIRE DACTYLO*;SECRETAIRE
SECRET* ADM* SERV* UNIV*;SASU
SECRET* ADM* SCOL* UNIV* CHEF;SASU
SECRET* ADM* SCOL* UNIV*;SASU
SECRET* ADM* SCOL*;SASU
SECRET* ADM* UNIV*;SASU
ADM* SCOL* UNIV*;EDUCSUP
ADMINIST* UNIV*;EDUCSUP
ADMINIST* SCOL*;EDUCNAT
SCOL* UNIV*;EDUCSUP
SEC SOC;SECUSOC
SECTEUR PUBLIQ;PUBLIQ
SECU* SOC*;SECUSOC
SECUSOC ASSURANCE;SECUSOC
SEIGNEUR;SENIOR
SENIOR CONSEIL;CONSEIL
SENIOR CONSULTANT;CONSULTANT
SERVICE ACHAT;ACHAT
SERVICE APPRO*;APPROVISIONN
SERVICE COMPTABLE*;COMPTABLE
SERVICE COURRIER;COURRIER
SERVICE ENTRETIEN;ENTRETIEN
SERVICE* FISCAUX;IMPOTS
SERVICE* JARDIN*;JARDIN
SERVICE* LIGNE*;LIGNE
SERVICE MAGASIN;ENTREPOT
SERVICE* MAINTENANCE*;MAINTENANCE
SERVICE* MUNICIP*;COLLECTERR
SERVICE RESTAURATION;RESTAURANT
SERVICE CLIENTS;SERVICE CLIENT
SERVICE CLIENTELE;SERVICE CLIENT
6EME ANNEE;ANNEE6
SOCIETE ASSURANCE*;ASSURANCE
SOCIETE GENERALE;BANQUE
SON DOMICILE;DOMICILE
SOC* CULTUREL*;SOCIOCULTURE
SOC* EDUCATI*;SOCIOEDUCAT
SOUS BRIGADIER;BRIGADIER
SOUS CAISSIER*;CAISSIER
CAISSIER* EMPLOYE*;CAISSIER
SOUS CHEFSER;CHEFSER
SOUS CHEFSECR;CHEFSECR
SOUS CHEF;CHEF
SOUS DIRECTEUR;SOUSDIR
SOUS ECONOME;ECONOME
SOUS GERANT*;GERANT
SOUS HABILLEMENT*;HABILLEMENT
SOUS INTENDANT;INTENDANT
SOUS OFFICIER;SOUSOFF
STATISTITIEN*;STATISTICIEN
STATITICIEN*;STATISTICIEN
STASTICIEN*;STATISTICIEN
SUB DIVISION*;SUBDIVISION
SUPER LOURD*;PL
SUPER MARCHE;SUPERMARCHE
SURVEILLANT MACHINE*;OUVRIER
OUVRIER CHAINE*;OUVRIER PRODUCTION
OUVRIER ENTREPRISE*;OUVRIER
OUVRIER ETS;OUVRIER
OUVRIER EXECUTION;OUVRIER
OUVRIER FABRI*;OUVRIER PRODUCTION
OUVRIER INDUST*;OUVRIER USINE
OUVRIER USINE FAB*;OUVRIER USINE
AGENT FABRI*;OUVRIER PRODUCTION
AGENT QUALIF* FABRI*;OUVRIER
AGENT PRODUCTION;OUVRIER PRODUCTION
AGENT QUALIF* PRODUCTION;OUVRIER
OUVRIER PRODUCTION USINE;OUVRIER PRODUCTION
SURVEILLANT OPERATEUR;OPERATEUR
SYSTEM*;SYSTEME
SYSTEM* INFORMATIO*;SYSTEME INFIQUE
TECHNICIEN ATELIER;OQ
TECHNICIEN CONCEPT*;TECHNICIEN ETUDE
TECHNICIEN SPECIAL*;TECHNICIEN
TECHNICIEN SUPERIEUR*;TECHNICIEN
TECHNICIEN CHEF TELECOM*;TECHNICIEN PTT
TECHNICIEN TELECOM*;TECHNICIEN PTT
TECHNICO COM*;TKCOM
ATTACHE* TKCOM;TKCOM
INGENIEUR TKCOM;INGENIEUR COMMERCIAL
TELE INFORMATIQ*;INFORMATIQ
TOU* TACHE*;FACTOTUM
TRANSPORT* COMMUN*;TC
TRANSPORT* INTERURBAIN*;TC
TRANSPORT* URBAIN*;TC
TRAVAUX PUBLIQ ETAT;TPE
TRAVAIL CHAINE;OS
TRAVAIL USINE;OS
OS OUVRIER*;OS
OS OQ;OQ
OQ OS;OQ
TRAVAUX PUBLIQ;TP
TP ETAT;TPE
TRESOR* GENERAL*;TRESOR
TRESOR PUBLIQ;TRESOR
TRIBUNA* CIVIL*;TRIBUNAL
3EME AGE;AGE3
3EME ANNEE;ANNEE3
VEHICULE LEGER;VL
VEHICULE ROUTIER;PL
VENDEUR APPRENTI*;VENDEUR
VENDEUR COMMERCE*;VENDEUR
VENDEUR COMMIS;VENDEUR
VENDEUR COMPTOIR*;VENDEUR
VENDEUR CONFIRME*;VENDEUR
VENDEUR CONSEIL*;VENDEUR
VENDEUR DEMONSTRAT*;VENDEUR
VENDEUR DETAIL*;VENDEUR
VENDEUR EXTRA*;VENDEUR
VENDEUR EXTERIEUR;REPRESENTANT
VENDEUR GESTION*;VENDEUR
VENDEUR MAGASIN;VENDEUR
VENDEUR MARCHAND*;VENDEUR
VENDEUR MARCHE*;VENDEUR
VENDEUR POLYV*;VENDEUR
VENDEUR PRINCIPAL*;VENDEUR
VENDEUR PRODUIT*;VENDEUR
VENDEUR RAYON*;VENDEUR
VENDEUR SEDENT*;VENDEUR
VENDEUR SPECIAL*;VENDEUR
VENDEUR STAGIAIR*;VENDEUR
VENDEUR TRES QUALIFIE*;VENDEUR
VENDEUR QUALIFIE*;VENDEUR
VENDEUR REPRESENTANT;REPRESENTANT
VENDEUR VENTE*;VENDEUR
VICE PRESIDENT;VPR
VOI* PUBLIQ;VOIERIE
WAGON LIT;WL
WEBMASTER;WEBMESTRE
WEB MASTER;WEBMESTRE
WEEB MASTER;WEBMESTRE
WEEBMASTER;WEBMESTRE
REPRESENTANT* COMMERC*;REPRESENTANT
REPRESENTANT PLACIER;REPRESENTANT
REPRESENTANT REPRESENTANT;REPRESENTANT
CHERCHEUR ** ALLOC* RECHERC*;$A ATTACHE RECHERCHE **
CHERCHEUR ** ATT* RECHERC*;$A ATTACHE RECHERCHE **
CHERCHEUR ** MAIT* RECHERC*;$A MAITRE RECHERCHE **
CHERCHEUR ** DIREC* RECHERC*;$A DIRECTEUR RECHERCHE **
CHERCHEUR ** CHARG* RECHERC*;CHARGE RECHERCHE **
MEDECIN* DOCTEUR;MEDECIN
MEDECIN* ** DOCTEUR;MEDECIN
$Z PERSONNEL;$Z
TECHNIQ* ** TECHNIC*;TECHNICIEN
TECHNIQ* TECHNIC*;TECHNICIEN
TECHNIC* ** TECHNIQ*;TECHNICIEN
TECHNIC* TECHNIQ*;TECHNICIEN
AUX;
CHAUSSEUR;CHAUSEUR
DIRECTEUR ENTREPOT;DIRECTEUR ENTEPOT
STAGE;
DEVELLOP*;DEVELOP
CPE;CONSEILLER PRINCIPAL EDUCATION
POLE EMPLOI;ANPE
*X *Y *Z ** *X *Y *Z;*X *Y *Z **
*X *Y *Z *X *Y *Z;*X *Y *Z
*X *Y ** *X *Y;*X *Y **
*X *Y *X *Y;*X *Y
*X ** *X;*X **
*X ** *X;*X **
*X *X;*X
**( CORPS;**
**( GRADE;**
** $A;$A **
** $B;$B **
** $C;$C **
** $D;$D **
$A $Z;$A
$B $Z;$B
$C $Z;$C
$D $Z;$D
$A $W;$W
$B $W;$W
$C $W;$W
$D $W;$W
$Z $W;$W
$* $*;$Z
$W;**
$3;$ $ $
$2;$ $
$;************